logged_at_utc,symbol,bias,grade,rule_name,shape,trend_established_eat,rejection_price,rejection_time_eat,bos_range_low,bos_range_high,swept_level,next_day_rule_ok,swept,prior_day_high,prior_day_low,bos_broken_level,bos_confirming_close,bos_time_eat
2026-09-02T19:51:19.117911+00:00,USDJPY.m,bullish,A+,Key level in range,V,2026-09-01 00:00:00,158.013,2026-08-20 00:00:00,156.775,159.772,,True,low,160.266,159.628,160.195,160.283,2026-09-02 00:00:00
2026-09-02T19:51:20.070215+00:00,AUDUSD.m,bullish,A+,Key level in range,V,2026-08-27 00:00:00,0.70664,2026-08-19 00:00:00,0.70218,0.71289,,True,low,0.71802,0.71385,0.71526,0.71676,2026-09-02 16:00:00
2026-09-02T19:51:21.034341+00:00,EURJPY.m,bearish,A,Key level in range,A,2026-07-30 00:00:00,185.980,2026-08-28 00:00:00,183.919,186.014,,True,,185.713,185.387,185.387,185.334,2026-09-02 04:00:00
2026-09-02T19:51:21.875761+00:00,EURCHF.m,bullish,A,Key level in range,V,2026-09-01 00:00:00,0.93036,2026-08-20 00:00:00,0.92613,0.94102,,True,,0.94176,0.93767,0.94176,0.94294,2026-09-02 08:00:00
2026-09-02T19:51:22.727892+00:00,EURCAD.m,bullish,A+,Key level in range,V,2026-08-24 00:00:00,1.60538,2026-08-21 00:00:00,1.60390,1.61358,,True,low,1.61242,1.60748,1.61242,1.61274,2026-09-02 08:00:00
2026-09-02T19:51:23.571183+00:00,EURAUD.m,bearish,A,Key level in range,A,2026-08-26 00:00:00,1.64043,2026-08-07 00:00:00,1.63457,1.65028,,True,,1.62425,1.61812,1.61788,1.61642,2026-09-02 16:00:00
2026-09-02T19:51:24.495359+00:00,GBPJPY.m,bearish,A,Key level in range,A,2026-07-30 00:00:00,217.463,2026-08-25 00:00:00,214.817,218.677,,True,,216.825,216.317,216.071,215.806,2026-09-02 08:00:00
2026-09-02T19:51:25.914713+00:00,GBPCHF.m,bullish,A,Key level in range,V,2026-09-01 00:00:00,1.09122,2026-08-28 00:00:00,1.08376,1.09667,,True,,1.09945,1.09396,1.09945,1.10000,2026-09-02 08:00:00
2026-09-02T19:51:26.844763+00:00,GBPAUD.m,bearish,A,Key level in range,A,2026-08-26 00:00:00,1.91897,2026-08-20 00:00:00,1.90167,1.91898,,True,,1.89704,1.88778,1.88778,1.88503,2026-09-02 12:00:00
2026-09-02T19:51:27.706883+00:00,GBPNZD.m,bullish,A,Key level in range,V,2026-09-01 00:00:00,2.28865,2026-08-17 00:00:00,2.27789,2.31491,,True,,2.29831,2.28645,2.29831,2.31509,2026-09-02 04:00:00
2026-09-02T19:51:28.645262+00:00,AUDCHF.m,bullish,A,Key level in range,V,2026-08-27 00:00:00,0.56683,2026-08-20 00:00:00,0.56440,0.57806,,True,,0.58127,0.57800,0.58127,0.58242,2026-09-02 12:00:00
2026-09-02T19:51:29.665571+00:00,AUDNZD.m,bullish,A,Key level in range,V,2026-08-28 00:00:00,1.19474,2026-08-20 00:00:00,1.19435,1.20901,,True,,1.21374,1.21018,1.21360,1.22345,2026-09-02 04:00:00
2026-09-02T19:51:30.568913+00:00,NZDCHF.m,bearish,A,Key level in range,A,2026-08-19 00:00:00,0.47935,2026-08-21 00:00:00,0.47233,0.48030,,True,,0.47943,0.47713,0.47713,0.47410,2026-09-02 04:00:00
2026-09-02T19:51:31.486542+00:00,CADJPY.m,bearish,A,Key level in range,A,2026-07-30 00:00:00,115.580,2026-08-21 00:00:00,114.076,116.445,,True,,115.418,115.070,115.070,115.005,2026-09-02 04:00:00
2026-09-02T19:51:32.372741+00:00,CADCHF.m,bullish,A,Key level in range,V,2026-08-11 00:00:00,0.57871,2026-08-26 00:00:00,0.57672,0.58638,,True,,0.58444,0.58231,0.58444,0.58467,2026-09-02 08:00:00
2026-09-03T05:00:13.709550+00:00,EURJPY.m,bearish,A,Key level in range,A,2026-09-02 00:00:00,185.980,2026-08-28 00:00:00,183.919,186.014,,True,,185.744,183.633,183.633,182.831,2026-09-03 04:00:00
2026-09-03T05:00:15.234648+00:00,GBPJPY.m,bearish,A,Key level in range,A,2026-09-02 00:00:00,217.463,2026-08-25 00:00:00,214.817,218.677,,True,,216.578,213.690,213.690,212.756,2026-09-03 04:00:00
2026-09-03T05:00:17.921132+00:00,CHFJPY.m,bearish,A,Key level in range,A,2026-09-02 00:00:00,198.765,2026-08-28 00:00:00,195.465,199.072,,True,,197.408,194.860,194.860,194.219,2026-09-03 04:00:00
2026-09-03T09:00:37.953191+00:00,USDCHF.m,bearish,A,Key level in range,A,2026-08-19 00:00:00,0.81354,2026-08-06 00:00:00,0.80349,0.82064,,True,,0.81561,0.81117,0.81160,0.80890,2026-09-03 08:00:00
2026-09-03T09:00:39.424131+00:00,AUDUSD.m,bullish,A,Key level in range,V,2026-08-27 00:00:00,0.70664,2026-08-19 00:00:00,0.70218,0.71289,,True,,0.71752,0.71210,0.71752,0.71810,2026-09-03 08:00:00
2026-09-03T09:00:42.591069+00:00,NZDJPY.m,bearish,A,Key level in range,A,2026-09-02 00:00:00,93.813,2026-08-11 00:00:00,91.643,95.287,,True,,94.555,92.374,92.374,91.877,2026-09-03 08:00:00
2026-09-03T09:00:43.827648+00:00,CADJPY.m,bearish,A,Key level in range,A,2026-07-30 00:00:00,115.580,2026-08-21 00:00:00,114.076,116.445,,True,,115.380,113.807,113.807,113.504,2026-09-03 08:00:00
2026-09-03T15:37:24.216086+00:00,UK100.std,bullish,A,Key level in range,V,2026-07-27 00:00:00,10686.8,2026-08-20 00:00:00,10451.6,10968.4,,True,,10808.4,10716.4,10808.4,10844.1,2026-09-03 12:00:00
2026-09-03T15:38:25.552571+00:00,EURUSD.m,bullish,A,Key level in range,V,2026-08-19 00:00:00,1.15115,2026-08-13 00:00:00,1.13529,1.15804,,True,,1.16087,1.15659,1.16087,1.16254,2026-09-03 12:00:00
2026-09-03T15:38:29.770567+00:00,XAUUSD.m,bullish,A,Key level in range,V,2026-08-19 00:00:00,4324.48,2026-08-19 00:00:00,4310.88,4449.71,,True,,4397.60,4282.55,4461.45,4493.38,2026-09-03 12:00:00
2026-09-03T15:38:30.906983+00:00,US30.std,bullish,A,Key level in range,V,2026-08-03 00:00:00,52773.0,2026-08-20 00:00:00,51504.0,54266.5,,True,,53243.0,52682.1,53243.0,53406.0,2026-09-03 12:00:00
2026-09-04T03:28:50.638614+00:00,EURNZD.m,bearish,A,Key level in range,A,2026-08-31 00:00:00,False,1.96295,2026-08-26 00:00:00,1.95695,1.97560,,,True,,1.98278,1.97450,1.97610,1.97382,2026-09-04 00:00:00
2026-09-04T03:28:52.623379+00:00,GBPNZD.m,bearish,A,Key level in range,A,2026-09-01 00:00:00,False,2.29271,2026-08-26 00:00:00,2.27879,2.30934,,,True,,2.30969,2.29726,2.29726,2.29670,2026-09-04 00:00:00
2026-09-04T03:28:55.909345+00:00,NZDCAD.m,bullish,A,Key level in range,V,2026-09-02 00:00:00,False,0.81423,2026-08-18 00:00:00,0.81232,0.82112,,,True,,0.81156,0.80601,0.81141,0.81223,2026-09-04 00:00:00
2026-09-04T05:01:03.794784+00:00,AUDCAD.m,bullish,A,Key level in range,V,2026-08-24 00:00:00,True,0.98190,2026-08-14 00:00:00,0.98065,0.99246,,,True,,0.99372,0.99006,0.99372,0.99428,2026-09-04 04:00:00
2026-09-04T05:01:07.862579+00:00,JP225.std,bullish,A,Key level in range,V,2026-09-02 00:00:00,False,64670,2026-08-07 00:00:00,60476,66779,,,True,,64752,63692,64829,64955,2026-09-04 04:00:00
2026-09-04T09:01:07.268903+00:00,GBPCAD.m,bullish,A,Key level in range,V,2026-09-02 00:00:00,False,1.87524,2026-08-18 00:00:00,1.87103,1.89512,,,True,,1.86690,1.86064,1.86690,1.86757,2026-09-04 08:00:00
2026-09-04T13:00:48.756638+00:00,EURCAD.m,bullish,A,Key level in range,V,2026-09-02 00:00:00,False,1.60538,2026-08-21 00:00:00,1.60390,1.61358,,,True,,1.60538,1.60126,1.60538,1.60872,2026-09-04 12:00:00
2026-09-04T13:00:51.545679+00:00,EURNZD.m,bearish,A,Key level in range,A,2026-08-31 00:00:00,False,1.96295,2026-08-26 00:00:00,1.95695,1.97560,,,True,,1.98278,1.97450,1.97610,1.97594,2026-09-04 12:00:00
2026-09-04T13:00:55.250235+00:00,AUDCHF.m,bullish,A,Key level in range,V,2026-08-27 00:00:00,True,0.56683,2026-08-20 00:00:00,0.56440,0.57806,,,True,,0.58289,0.57934,0.58309,0.58337,2026-09-04 12:00:00
2026-09-04T13:00:57.938605+00:00,AUDCAD.m,bullish,A,Key level in range,V,2026-08-24 00:00:00,True,0.98190,2026-08-14 00:00:00,0.98065,0.99246,,,True,,0.99372,0.99006,0.99372,0.99741,2026-09-04 12:00:00
2026-09-04T13:01:01.602284+00:00,CADJPY.m,bearish,A,Key level in range,A,2026-09-03 00:00:00,True,115.418,2026-09-01 00:00:00,114.616,115.580,,,True,,114.872,112.603,112.603,112.265,2026-09-04 12:00:00
2026-09-04T13:01:04.611807+00:00,CHFJPY.m,bearish,A,Key level in range,A,2026-09-02 00:00:00,True,198.765,2026-08-28 00:00:00,195.465,199.072,,,True,,195.557,192.113,192.113,191.946,2026-09-04 12:00:00
2026-09-04T17:00:54.081375+00:00,EURAUD.m,bearish,A,Key level in range,A,2026-08-26 00:00:00,True,1.64043,2026-08-07 00:00:00,1.63457,1.65028,,,True,,1.62021,1.61334,1.61160,1.61156,2026-09-04 16:00:00
2026-09-04T17:00:56.388288+00:00,EURNZD.m,bearish,A,Key level in range,A,2026-08-31 00:00:00,False,1.96295,2026-08-26 00:00:00,1.95695,1.97560,,,True,,1.98278,1.97450,1.97610,1.97382,2026-09-04 00:00:00
2026-09-04T17:00:59.144215+00:00,GBPAUD.m,bearish,A,Key level in range,A,2026-09-02 00:00:00,True,1.89704,2026-09-01 00:00:00,1.88555,1.91897,,,True,,1.88507,1.87511,1.87577,1.87496,2026-09-04 16:00:00
2026-09-04T17:01:02.961369+00:00,JP225.std,bullish,A,Key level in range,V,2026-09-02 00:00:00,False,64670,2026-08-07 00:00:00,60476,66779,,,True,,64752,63692,64829,65799,2026-09-04 16:00:00
2026-09-07T05:21:01.931773+00:00,EURAUD.m,bearish,A,Key level in range,A,2026-08-26 00:00:00,True,1.64043,2026-08-07 00:00:00,1.63457,1.65028,,,True,,1.61605,1.61128,1.61160,1.61143,2026-09-07 04:00:00
2026-09-07T05:21:04.616983+00:00,AUDCHF.m,bullish,A,Key level in range,V,2026-08-27 00:00:00,True,0.56683,2026-08-20 00:00:00,0.56440,0.57806,,,True,,0.58381,0.58003,0.58381,0.58394,2026-09-07 04:00:00
2026-09-07T05:21:06.973933+00:00,AUDNZD.m,bullish,A,Key level in range,V,2026-08-28 00:00:00,True,1.19474,2026-08-20 00:00:00,1.19435,1.20901,,,True,,1.22621,1.22150,1.22621,1.22622,2026-09-07 04:00:00
2026-09-07T09:00:03.828858+00:00,USDJPY.m,bearish,A,Key level in range,A,2026-09-03 00:00:00,True,159.772,2026-08-18 00:00:00,156.775,163.943,,,True,,156.747,155.288,155.349,154.461,2026-09-07 08:00:00
2026-09-07T09:00:05.674647+00:00,AUDUSD.m,bullish,A,Key level in range,V,2026-08-27 00:00:00,True,0.71210,2026-09-02 00:00:00,0.70664,0.72077,,,True,,0.72141,0.71732,0.72120,0.72181,2026-09-07 08:00:00
2026-09-07T09:00:07.229181+00:00,EURJPY.m,bearish,A,Key level in range,A,2026-09-02 00:00:00,True,185.744,2026-09-02 00:00:00,183.919,185.980,,,True,,181.954,180.221,180.221,179.501,2026-09-07 08:00:00
2026-09-07T09:00:10.088016+00:00,GBPJPY.m,bearish,A,Key level in range,A,2026-09-02 00:00:00,True,217.463,2026-08-25 00:00:00,214.817,218.677,,,True,,211.810,209.758,209.758,209.069,2026-09-07 08:00:00
2026-09-07T09:00:12.032002+00:00,AUDJPY.m,bearish,A,Key level in range,A,2026-09-03 00:00:00,True,113.605,2026-08-18 00:00:00,110.829,114.653,,,True,,112.787,111.758,111.758,111.494,2026-09-07 08:00:00
2026-09-07T09:00:12.783846+00:00,NZDJPY.m,bearish,A,Key level in range,A,2026-09-02 00:00:00,True,93.813,2026-08-11 00:00:00,91.643,95.287,,,True,,92.278,91.196,91.196,90.853,2026-09-07 08:00:00
2026-09-07T09:00:13.302211+00:00,CADJPY.m,bearish,A,Key level in range,A,2026-09-03 00:00:00,True,115.418,2026-09-01 00:00:00,114.616,115.580,,,True,,113.448,112.026,112.026,111.718,2026-09-07 08:00:00
2026-09-07T09:00:13.664871+00:00,CHFJPY.m,bearish,A,Key level in range,A,2026-09-02 00:00:00,True,198.765,2026-08-28 00:00:00,195.465,199.072,,,True,,193.693,191.503,191.503,190.821,2026-09-07 08:00:00
2026-09-07T10:38:06.781903+00:00,USDJPY.m,bearish,A,Key level in range,A,2026-09-03 00:00:00,True,159.772,2026-08-18 00:00:00,156.775,163.943,,,True,,156.747,155.288,155.349,154.461,2026-09-07 08:00:00
2026-09-07T10:38:46.410271+00:00,AUDUSD.m,bullish,A,Key level in range,V,2026-08-27 00:00:00,True,0.71210,2026-09-02 00:00:00,0.70664,0.72077,,,True,,0.72141,0.71732,0.72120,0.72181,2026-09-07 08:00:00
2026-09-07T10:39:32.248486+00:00,EURJPY.m,bearish,A,Key level in range,A,2026-09-02 00:00:00,True,185.744,2026-09-02 00:00:00,183.919,185.980,,,True,,181.954,180.221,180.221,179.501,2026-09-07 08:00:00
2026-09-07T10:40:17.555069+00:00,EURAUD.m,bearish,A,Key level in range,A,2026-08-26 00:00:00,True,1.64043,2026-08-07 00:00:00,1.63457,1.65028,,,True,,1.61605,1.61128,1.61160,1.61143,2026-09-07 04:00:00
2026-09-07T10:40:51.705070+00:00,GBPJPY.m,bearish,A,Key level in range,A,2026-09-02 00:00:00,True,217.463,2026-08-25 00:00:00,214.817,218.677,,,True,,211.810,209.758,209.758,209.069,2026-09-07 08:00:00
2026-09-07T10:42:11.971005+00:00,AUDJPY.m,bearish,A,Key level in range,A,2026-09-03 00:00:00,True,113.605,2026-08-18 00:00:00,110.829,114.653,,,True,,112.787,111.758,111.758,111.494,2026-09-07 08:00:00
2026-09-07T10:42:25.566349+00:00,AUDCHF.m,bullish,A,Key level in range,V,2026-08-27 00:00:00,True,0.56683,2026-08-20 00:00:00,0.56440,0.57806,,,True,,0.58381,0.58003,0.58381,0.58394,2026-09-07 04:00:00
2026-09-07T10:42:59.340534+00:00,AUDNZD.m,bullish,A,Key level in range,V,2026-08-28 00:00:00,True,1.19474,2026-08-20 00:00:00,1.19435,1.20901,,,True,,1.22621,1.22150,1.22621,1.22622,2026-09-07 04:00:00
2026-09-07T10:43:19.550759+00:00,NZDJPY.m,bearish,A,Key level in range,A,2026-09-02 00:00:00,True,93.813,2026-08-11 00:00:00,91.643,95.287,,,True,,92.278,91.196,91.196,90.853,2026-09-07 08:00:00
2026-09-07T10:44:19.692005+00:00,CADJPY.m,bearish,A,Key level in range,A,2026-09-03 00:00:00,True,115.418,2026-09-01 00:00:00,114.616,115.580,,,True,,113.448,112.026,112.026,111.718,2026-09-07 08:00:00
2026-09-07T10:44:48.126426+00:00,CHFJPY.m,bearish,A,Key level in range,A,2026-09-02 00:00:00,True,198.765,2026-08-28 00:00:00,195.465,199.072,,,True,,193.693,191.503,191.503,190.821,2026-09-07 08:00:00
2026-09-07T15:14:55.196011+00:00,GBPNZD.m,bullish,A,Key level in range,V,2026-09-01 00:00:00,True,2.28865,2026-08-17 00:00:00,2.27789,2.31491,,,True,,2.30261,2.29311,2.30261,2.30304,2026-09-07 12:00:00
2026-09-08T01:05:38.115754+00:00,USDJPY.m,bearish,A,Key level in range,A,2026-09-03 00:00:00,True,159.772,2026-08-18 00:00:00,156.775,163.943,,,True,,156.270,154.053,154.053,153.785,2026-09-08 00:00:00
2026-09-08T01:05:41.757410+00:00,AUDUSD.m,bullish,A,Key level in range,V,2026-04-26 00:00:00,True,0.68648,2026-06-28 00:00:00,0.68328,0.72771,,,True,,0.72141,0.71210,0.72077,0.72177,2026-09-07 00:00:00
2026-09-08T01:08:21.567971+00:00,GBPJPY.m,bearish,A,Key level in range,A,2026-09-02 00:00:00,True,217.463,2026-08-25 00:00:00,214.817,218.677,,,True,,211.810,209.758,208.633,208.262,2026-09-08 00:00:00
2026-09-08T01:08:26.423461+00:00,AUDJPY.m,bearish,A,Key level in range,A,2026-09-03 00:00:00,True,113.605,2026-08-18 00:00:00,110.829,114.653,,,True,,112.787,111.758,111.254,110.988,2026-09-08 00:00:00
2026-09-08T01:08:26.429842+00:00,AUDJPY.m,bearish,A,Key level in range,A,2026-07-26 00:00:00,True,114.653,2026-07-26 00:00:00,111.144,114.906,,,True,,114.713,111.689,112.217,111.392,2026-09-07 00:00:00
2026-09-08T01:08:34.994293+00:00,JP225.std,bullish,A+,Key level in range,V,2026-09-02 00:00:00,False,64670,2026-08-07 00:00:00,60476,66779,,,True,low,66680,65852,66680,66720,2026-09-08 00:00:00
2026-09-08T01:09:46.020226+00:00,EURJPY.m,bearish,A,Key level in range,A,2026-09-02 00:00:00,True,185.744,2026-09-02 00:00:00,183.919,185.980,,,True,,181.471,179.222,179.222,178.801,2026-09-08 00:00:00
2026-09-08T01:09:49.552289+00:00,EURCAD.m,bearish,A,Key level in range,A,2026-07-12 00:00:00,True,1.62470,2026-08-02 00:00:00,1.60020,1.62667,,,True,,1.61364,1.60030,1.60538,1.60536,2026-09-07 00:00:00
2026-09-08T01:09:57.104699+00:00,NZDCAD.m,bearish,A,Key level in range,A,2026-09-02 00:00:00,True,0.82112,2026-08-17 00:00:00,0.81232,0.82920,,,True,,0.81399,0.81157,0.81168,0.81161,2026-09-08 00:00:00
2026-09-08T01:09:58.524798+00:00,CADJPY.m,bearish,A,Key level in range,A,2026-09-03 00:00:00,True,115.418,2026-09-01 00:00:00,114.616,115.580,,,True,,112.949,111.450,111.450,111.374,2026-09-08 00:00:00
2026-09-08T01:09:59.769705+00:00,CHFJPY.m,bearish,A,Key level in range,A,2026-09-02 00:00:00,True,198.765,2026-08-28 00:00:00,195.465,199.072,,,True,,192.899,190.494,190.494,190.032,2026-09-08 00:00:00
2026-09-08T05:00:11.363687+00:00,NZDUSD.m,bearish,A,Key level in range,A,2026-09-02 00:00:00,True,0.59051,2026-08-07 00:00:00,0.58588,0.59074,,,True,,0.58880,0.58656,0.58656,0.58583,2026-09-08 04:00:00
2026-09-08T05:00:16.965339+00:00,EURCAD.m,bearish,A,Key level in range,A,2026-09-07 00:00:00,True,1.61364,2026-09-02 00:00:00,1.60538,1.61857,,,True,,1.60814,1.60511,1.60516,1.60449,2026-09-08 04:00:00
2026-09-08T05:00:18.597809+00:00,EURNZD.m,bullish,A,Key level in range,V,2026-08-31 00:00:00,True,1.95119,2026-08-31 00:00:00,1.95006,1.96295,,,True,,1.97898,1.97000,1.97898,1.98400,2026-09-08 04:00:00
2026-09-08T05:00:20.440758+00:00,GBPCAD.m,bearish,A,Key level in range,A,2026-09-02 00:00:00,True,1.88512,2026-08-19 00:00:00,1.87524,1.89512,,,True,,1.87234,1.86857,1.86875,1.86874,2026-09-08 04:00:00
2026-09-08T05:00:24.532280+00:00,AUDNZD.m,bullish,A,Key level in range,V,2026-08-28 00:00:00,True,1.19474,2026-08-20 00:00:00,1.19435,1.20901,,,True,,1.22931,1.22206,1.22931,1.23163,2026-09-08 04:00:00
2026-09-08T05:00:26.928684+00:00,NZDCHF.m,bearish,A,Key level in range,A,2026-08-19 00:00:00,True,0.47935,2026-08-21 00:00:00,0.47233,0.48030,,,True,,0.47658,0.47518,0.47524,0.47416,2026-09-08 04:00:00
2026-09-08T05:00:29.632325+00:00,CADCHF.m,bullish,A,Key level in range,V,2026-09-02 00:00:00,True,0.57871,2026-08-26 00:00:00,0.57672,0.58638,,,True,,0.58620,0.58414,0.58620,0.58631,2026-09-08 04:00:00
2026-09-08T09:28:34.545412+00:00,USDCHF.m,bullish,A,Key level in range,V,2026-08-19 00:00:00,False,0.80516,2026-09-03 00:00:00,0.79491,0.81561,,,True,,0.81093,0.80772,0.80960,0.81171,2026-09-08 08:00:00
2026-09-08T09:30:11.360926+00:00,EURCHF.m,bullish,A,Key level in range,V,2026-09-01 00:00:00,True,0.93400,2026-08-31 00:00:00,0.93036,0.93935,,,True,,0.94166,0.93814,0.94166,0.94244,2026-09-08 08:00:00
2026-09-08T09:30:16.059961+00:00,GBPCHF.m,bullish,A,Key level in range,V,2026-09-01 00:00:00,True,1.09122,2026-08-28 00:00:00,1.08376,1.09667,,,True,,1.09734,1.09203,1.09628,1.09789,2026-09-08 08:00:00
2026-09-08T09:30:20.167255+00:00,AUDCHF.m,bullish,A,Key level in range,V,2026-08-27 00:00:00,True,0.56683,2026-08-20 00:00:00,0.56440,0.57806,,,True,,0.58511,0.58143,0.58437,0.58521,2026-09-08 08:00:00
2026-09-08T09:30:26.950174+00:00,US30.std,bearish,A,Key level in range,A,2026-08-03 00:00:00,False,53780.0,2026-09-03 00:00:00,52682.1,53832.0,,,True,,53317.1,53023.1,53023.1,52973.6,2026-09-08 08:00:00
2026-09-08T13:00:57.429251+00:00,GBPUSD.m,bullish,A,Key level in range,V,2026-08-14 00:00:00,True,1.34741,2026-09-02 00:00:00,1.34738,1.36751,,,True,,1.35472,1.35048,1.35487,1.35537,2026-09-08 12:00:00
2026-09-08T13:01:02.177566+00:00,AUDUSD.m,bullish,A,Key level in range,V,2026-09-07 00:00:00,True,0.71210,2026-09-02 00:00:00,0.70664,0.72077,,,True,,0.72243,0.71923,0.72230,0.72233,2026-09-08 12:00:00
2026-09-08T13:01:04.885298+00:00,EURGBP.m,bearish,A,Key level in range,A,2026-09-02 00:00:00,False,0.85783,2026-08-27 00:00:00,0.85456,0.85845,,,True,,0.85948,0.85781,0.85741,0.85725,2026-09-08 12:00:00
2026-09-08T13:01:07.528325+00:00,EURAUD.m,bearish,A,Key level in range,A,2026-08-26 00:00:00,True,1.64043,2026-08-07 00:00:00,1.63457,1.65028,,,True,,1.61372,1.60879,1.60884,1.60853,2026-09-08 12:00:00
2026-09-08T17:40:29.809933+00:00,GBPCAD.m,bearish,A,Key level in range,A,2026-09-02 00:00:00,True,1.88512,2026-08-19 00:00:00,1.87524,1.89512,,,True,,1.87234,1.86857,1.86875,1.86627,2026-09-08 16:00:00
2026-09-08T17:40:42.004201+00:00,US30.std,bearish,A,Key level in range,A,2026-08-03 00:00:00,False,53780.0,2026-09-03 00:00:00,52682.1,53832.0,,,True,,53317.1,53023.1,53023.1,52854.0,2026-09-08 16:00:00
2026-09-08T21:04:36.331771+00:00,AUDNZD.m,bullish,A,Key level in range,V,2026-08-30 00:00:00,True,1.19777,2026-05-31 00:00:00,1.19195,1.22837,,,True,,1.22853,1.20696,1.22853,1.23305,2026-09-08 00:00:00
2026-09-09T05:01:14.447701+00:00,ETHUSD.m,bullish,A,Key level in range,V,2026-09-02 00:00:00,False,2405.34,2026-08-28 00:00:00,1866.59,2565.82,,,True,,2506.59,2439.94,2506.59,2508.48,2026-09-09 04:00:00
2026-09-09T10:30:14.549517+00:00,EURNZD.m,bullish,A,Key level in range,V,2026-08-31 00:00:00,True,1.95119,2026-08-31 00:00:00,1.95006,1.96295,,,True,,1.98926,1.97304,1.98926,1.99029,2026-09-09 08:00:00
2026-09-09T10:31:36.457236+00:00,EURGBP.m,bullish,A,Key level in range,V,2026-09-02 00:00:00,True,0.85503,2026-08-31 00:00:00,0.85456,0.85783,,,True,,0.85882,0.85700,0.85880,0.85891,2026-09-09 08:00:00
2026-09-09T10:31:43.091929+00:00,AUDNZD.m,bullish,A,Key level in range,V,2026-09-08 00:00:00,True,1.19474,2026-08-20 00:00:00,1.19435,1.20901,,,True,,1.23518,1.22618,1.23518,1.23590,2026-09-09 08:00:00
2026-09-09T10:31:49.214650+00:00,US30.std,bearish,A,Key level in range,A,2026-08-03 00:00:00,False,53780.0,2026-09-03 00:00:00,52682.1,53832.0,,,True,,53170.6,52745.5,52745.5,52745.1,2026-09-09 08:00:00
2026-09-09T10:31:53.291989+00:00,DE40.std,bearish,A,Key level in range,A,2026-09-01 00:00:00,True,26166.9,2026-09-04 00:00:00,25732.9,26627.3,,,True,,26048.2,25801.9,25801.9,25798.9,2026-09-09 08:00:00
2026-09-09T10:31:54.592810+00:00,BTCUSD.m,bullish,A,Key level in range,V,2026-09-03 00:00:00,True,76832.71,2026-08-28 00:00:00,62635.21,81258.21,,,True,,79476.71,77605.21,79476.71,79682.21,2026-09-09 08:00:00
2026-09-09T13:15:10.621856+00:00,JP225.std,bearish,A,Key level in range,A,2026-09-02 00:00:00,True,67321,2026-08-27 00:00:00,64612,69636,,,True,,66780,64921,64810,64563,2026-09-09 12:00:00
2026-09-09T13:15:17.578475+00:00,US100.std,bearish,A,Key level in range,A,2026-08-13 00:00:00,False,29761.2,2026-08-28 00:00:00,28887.4,30263.4,,,True,,29743.2,29404.1,29404.1,29390.6,2026-09-09 12:00:00
2026-09-09T18:52:02.360793+00:00,EURUSD.m,bullish,A,Key level in range,V,2026-08-19 00:00:00,True,1.15659,2026-09-02 00:00:00,1.15115,1.17111,,,True,,1.16355,1.16076,1.16355,1.16460,2026-09-09 12:00:00
2026-09-09T18:52:33.436232+00:00,UK100.std,bearish,A,Key level in range,A,2026-07-27 00:00:00,False,10935.7,2026-08-26 00:00:00,10686.8,10968.4,,,True,,10857.4,10759.2,10759.2,10721.2,2026-09-09 12:00:00
2026-09-09T18:53:49.192214+00:00,GBPNZD.m,bullish,A,Key level in range,V,2026-09-01 00:00:00,True,2.28865,2026-08-17 00:00:00,2.27789,2.31491,,,True,,2.31968,2.29936,2.31968,2.31976,2026-09-09 16:00:00
2026-09-09T18:53:52.421289+00:00,AUDCAD.m,bullish,A+,Key level in range,V,2026-08-24 00:00:00,True,0.99006,2026-09-03 00:00:00,0.97793,0.99783,,,True,low,0.99746,0.99410,0.99656,0.99674,2026-09-09 16:00:00
2026-09-09T18:53:55.608653+00:00,AUDNZD.m,bullish,A,Key level in range,V,2026-09-08 00:00:00,True,1.19474,2026-08-20 00:00:00,1.19435,1.20901,,,True,,1.23518,1.22618,1.23518,1.23591,2026-09-09 16:00:00
2026-09-09T18:54:03.791712+00:00,XAGUSD.m,bullish,A,Key level in range,V,2026-08-28 00:00:00,False,67.421,2026-08-25 00:00:00,62.167,70.010,,,True,,67.175,65.520,67.175,67.860,2026-09-09 16:00:00
2026-09-09T21:00:51.043676+00:00,NZDCHF.m,bearish,A,Key level in range,A,2026-07-12 00:00:00,False,0.46352,2026-04-05 00:00:00,0.45603,0.46491,,,True,,0.47943,0.47300,0.47300,0.47280,2026-09-09 00:00:00
2026-09-09T21:00:53.908636+00:00,NZDCAD.m,bearish,A,Key level in range,A,2026-05-24 00:00:00,False,0.81355,2026-04-12 00:00:00,0.79191,0.82718,,,True,,0.82323,0.80601,0.80601,0.80581,2026-09-09 00:00:00
2026-09-10T04:23:57.308406+00:00,UK100.std,bearish,A,Key level in range,A,2026-07-12 00:00:00,False,10568.9,2026-05-24 00:00:00,10115.2,10731.3,,,True,,10870.7,10691.6,10691.6,10652.1,2026-09-09 00:00:00
2026-09-10T04:24:01.500558+00:00,US30.std,bearish,A,Key level in range,A,2026-08-02 00:00:00,False,42845.8,2025-03-23 00:00:00,40680.7,45094.8,,,True,,53780.0,52682.1,52682.1,52463.0,2026-09-09 00:00:00
2026-09-10T04:24:05.798113+00:00,DE40.std,bearish,A,Key level in range,A,2026-08-02 00:00:00,False,24806.3,2026-04-12 00:00:00,21857.1,25414.6,,,True,,26572.4,25732.9,25732.9,25531.1,2026-09-09 00:00:00
2026-09-10T06:56:03.226008+00:00,GBPCAD.m,bullish,A,Key level in range,V,2026-09-02 00:00:00,False,1.87524,2026-08-18 00:00:00,1.87103,1.89512,,,True,,1.87169,1.86419,1.87099,1.87124,2026-09-10 04:00:00
2026-09-10T09:00:18.081298+00:00,EURCHF.m,bullish,A,Key level in range,V,2026-09-01 00:00:00,True,0.93701,2026-09-04 00:00:00,0.93400,0.94346,,,True,,0.94266,0.93943,0.94266,0.94283,2026-09-10 08:00:00
2026-09-10T09:00:21.824842+00:00,EURAUD.m,bullish,A,Key level in range,V,2026-08-26 00:00:00,False,1.62703,2026-08-21 00:00:00,1.62604,1.64445,,,True,,1.61328,1.60820,1.61328,1.61358,2026-09-10 08:00:00
2026-09-10T09:00:25.414098+00:00,GBPJPY.m,bullish,A,Key level in range,V,2026-09-02 00:00:00,False,214.817,2026-08-19 00:00:00,211.567,218.677,,,True,,208.422,207.379,208.240,208.257,2026-09-10 08:00:00
2026-09-10T09:00:27.419415+00:00,GBPCHF.m,bullish,A,Key level in range,V,2026-09-01 00:00:00,True,1.09122,2026-08-28 00:00:00,1.08376,1.09667,,,True,,1.09816,1.09322,1.09816,1.09831,2026-09-10 08:00:00
2026-09-10T09:00:29.966654+00:00,GBPAUD.m,bullish,A,Key level in range,V,2026-09-02 00:00:00,False,1.90519,2026-08-10 00:00:00,1.89917,1.92590,,,True,,1.87875,1.87205,1.87875,1.87961,2026-09-10 08:00:00
2026-09-10T09:00:39.585038+00:00,DE40.std,bearish,A,Key level in range,A,2026-09-09 00:00:00,True,26166.9,2026-09-04 00:00:00,25732.9,26627.3,,,True,,25911.7,25514.9,25514.9,25507.5,2026-09-10 08:00:00
2026-09-10T13:00:23.108811+00:00,EURUSD.m,bearish,A,Key level in range,A,2026-08-19 00:00:00,False,1.16408,2026-09-03 00:00:00,1.15659,1.17111,,,True,,1.16538,1.16197,1.16197,1.16042,2026-09-10 12:00:00
2026-09-10T13:00:27.625983+00:00,GBPUSD.m,bearish,A,Key level in range,A,2026-08-14 00:00:00,False,1.35045,2026-08-03 00:00:00,1.32731,1.35576,,,True,,1.35675,1.35295,1.35298,1.35106,2026-09-10 12:00:00
2026-09-10T13:00:30.702307+00:00,USDJPY.m,bullish,A,Key level in range,V,2026-09-03 00:00:00,False,158.013,2026-08-20 00:00:00,156.775,159.772,,,True,,153.959,152.934,153.794,154.347,2026-09-10 12:00:00
2026-09-10T13:00:33.729540+00:00,USDCHF.m,bullish,A,Key level in range,V,2026-08-19 00:00:00,False,0.80516,2026-09-03 00:00:00,0.79491,0.81561,,,True,,0.81092,0.80668,0.81092,0.81295,2026-09-10 12:00:00
2026-09-10T13:00:36.015202+00:00,USDCAD.m,bullish,A,Key level in range,V,2026-08-07 00:00:00,False,1.37646,2026-09-03 00:00:00,1.37315,1.39392,,,True,,1.38199,1.37655,1.38199,1.38254,2026-09-10 12:00:00
2026-09-10T13:00:38.350116+00:00,AUDUSD.m,bearish,A,Key level in range,A,2026-09-07 00:00:00,False,0.69597,2026-07-07 00:00:00,0.68648,0.70879,,,True,,0.72374,0.72095,0.72095,0.71645,2026-09-10 12:00:00
2026-09-10T13:00:40.701818+00:00,NZDUSD.m,bearish,A,Key level in range,A,2026-09-02 00:00:00,True,0.59016,2026-09-04 00:00:00,0.58015,0.59873,,,True,,0.58647,0.58295,0.58255,0.58037,2026-09-10 12:00:00
2026-09-10T13:00:44.425920+00:00,EURNZD.m,bullish,A,Key level in range,V,2026-08-31 00:00:00,True,1.97000,2026-09-07 00:00:00,1.95119,1.99386,,,True,,1.99365,1.98178,1.99326,1.99916,2026-09-10 12:00:00
2026-09-10T13:00:46.084725+00:00,GBPNZD.m,bullish,A,Key level in range,V,2026-09-01 00:00:00,True,2.28865,2026-08-17 00:00:00,2.27789,2.31491,,,True,,2.32128,2.30810,2.32186,2.32762,2026-09-10 12:00:00
2026-09-10T13:00:47.604163+00:00,AUDJPY.m,bearish,A,Key level in range,A,2026-09-07 00:00:00,True,113.605,2026-08-18 00:00:00,110.829,114.653,,,True,,111.134,110.633,110.633,110.586,2026-09-10 12:00:00
2026-09-10T13:00:48.253295+00:00,AUDCHF.m,bearish,A,Key level in range,A,2026-08-27 00:00:00,False,0.57186,2026-08-06 00:00:00,0.56440,0.57285,,,True,,0.58509,0.58264,0.58284,0.58248,2026-09-10 12:00:00
2026-09-10T13:00:49.643441+00:00,AUDCAD.m,bearish,A,Key level in range,A,2026-08-24 00:00:00,False,0.98784,2026-08-17 00:00:00,0.98190,0.99246,,,True,,0.99753,0.99396,0.99396,0.99042,2026-09-10 12:00:00
2026-09-10T13:00:54.097353+00:00,NZDCAD.m,bearish,A,Key level in range,A,2026-09-09 00:00:00,True,0.82112,2026-08-17 00:00:00,0.81232,0.82920,,,True,,0.80773,0.80366,0.80386,0.80233,2026-09-10 12:00:00
2026-09-10T13:00:57.947113+00:00,CADCHF.m,bullish,A,Key level in range,V,2026-09-02 00:00:00,True,0.58414,2026-09-07 00:00:00,0.57871,0.58779,,,True,,0.58803,0.58513,0.58803,0.58807,2026-09-10 12:00:00
2026-09-10T13:01:00.291095+00:00,XAUUSD.m,bearish,A,Key level in range,A,2026-08-19 00:00:00,False,4510.69,2026-09-03 00:00:00,4282.55,4696.67,,,True,,4434.04,4341.32,4375.11,4340.03,2026-09-10 12:00:00
2026-09-10T13:01:05.627630+00:00,US30.std,bearish,A,Key level in range,A,2026-09-09 00:00:00,True,53780.0,2026-09-03 00:00:00,52682.1,53832.0,,,True,,52851.0,52329.0,52329.0,52287.0,2026-09-10 12:00:00
2026-09-10T13:01:09.126963+00:00,US100.std,bearish,A,Key level in range,A,2026-08-13 00:00:00,False,29761.2,2026-08-28 00:00:00,28887.4,30263.4,,,True,,29615.8,29316.0,29316.0,29040.0,2026-09-10 12:00:00
2026-09-10T13:01:10.802244+00:00,BTCUSD.m,bearish,A,Key level in range,A,2026-09-03 00:00:00,False,80565.21,2026-09-07 00:00:00,76186.71,82285.71,,,True,,79760.21,77911.71,77735.21,76862.71,2026-09-10 12:00:00
2026-09-10T13:01:13.033632+00:00,ETHUSD.m,bearish,A,Key level in range,A,2026-09-02 00:00:00,True,2535.42,2026-09-07 00:00:00,2354.51,2545.85,,,True,,2522.40,2453.78,2441.98,2413.06,2026-09-10 12:00:00
2026-09-10T13:01:15.324390+00:00,XAGUSD.m,bearish,A,Key level in range,A,2026-08-28 00:00:00,True,67.997,2026-09-04 00:00:00,63.298,71.160,,,True,,68.313,65.502,65.502,64.040,2026-09-10 12:00:00
2026-09-11T00:57:46.436414+00:00,NZDUSD.m,bearish,A,Key level in range,A,2026-06-21 00:00:00,True,0.59873,2026-08-16 00:00:00,0.56254,0.59932,,,True,,0.59283,0.58015,0.58015,0.57969,2026-09-10 00:00:00
2026-09-11T00:58:00.669476+00:00,EURCHF.m,bullish,A,Key level in range,V,2026-07-19 00:00:00,True,0.91676,2026-06-28 00:00:00,0.90841,0.92652,,,True,,0.94346,0.93400,0.94346,0.94372,2026-09-10 00:00:00
2026-09-11T00:58:04.379415+00:00,EURNZD.m,bullish,A,Key level in range,V,2026-05-24 00:00:00,False,1.95055,2026-03-08 00:00:00,1.94953,1.98071,,,True,,1.99386,1.95119,1.99386,2.00315,2026-09-10 00:00:00
2026-09-11T00:58:10.112127+00:00,GBPNZD.m,bullish,A,Key level in range,V,2026-06-21 00:00:00,True,2.27789,2026-08-02 00:00:00,2.24409,2.35335,,,True,,2.32466,2.28114,2.32466,2.33037,2026-09-10 00:00:00
2026-09-11T00:58:14.037480+00:00,AUDCAD.m,bearish,A,Key level in range,A,2026-08-23 00:00:00,False,0.99246,2026-08-02 00:00:00,0.97516,0.99443,,,True,,0.99829,0.99006,0.99006,0.98980,2026-09-10 00:00:00
2026-09-11T05:08:17.081344+00:00,AUDNZD.m,bearish,A,Key level in range,A,2026-09-08 00:00:00,False,1.20901,2026-08-18 00:00:00,1.19435,1.21016,,,True,,1.23672,1.23176,1.23176,1.22891,2026-09-11 04:00:00
2026-09-11T05:08:20.903721+00:00,NZDCHF.m,bullish,A,Key level in range,V,2026-09-09 00:00:00,False,0.47300,2026-09-02 00:00:00,0.47233,0.48002,,,True,,0.47392,0.47103,0.47392,0.47395,2026-09-11 04:00:00
2026-09-11T09:00:01.238540+00:00,GBPCHF.m,bullish,A,Key level in range,V,2026-09-01 00:00:00,True,1.09122,2026-08-28 00:00:00,1.08376,1.09667,,,True,,1.09930,1.09471,1.09930,1.09967,2026-09-11 08:00:00
2026-09-11T09:00:09.159523+00:00,CHFJPY.m,bearish,A,Key level in range,A,2026-09-02 00:00:00,True,198.765,2026-08-28 00:00:00,195.465,199.072,,,True,,190.101,189.358,189.358,189.245,2026-09-11 08:00:00
2026-09-11T13:01:04.113296+00:00,EURGBP.m,bearish,A,Key level in range,A,2026-09-02 00:00:00,False,0.85783,2026-08-27 00:00:00,0.85456,0.85845,,,True,,0.85994,0.85763,0.85814,0.85790,2026-09-11 12:00:00
2026-09-11T13:01:06.158470+00:00,EURJPY.m,bearish,A,Key level in range,A,2026-09-02 00:00:00,True,185.744,2026-09-02 00:00:00,183.919,185.980,,,True,,179.476,178.413,178.065,178.058,2026-09-11 12:00:00
2026-09-11T13:01:08.374704+00:00,EURCHF.m,bullish,A,Key level in range,V,2026-09-10 00:00:00,True,0.93701,2026-09-04 00:00:00,0.93400,0.94346,,,True,,0.94447,0.93997,0.94447,0.94461,2026-09-11 12:00:00
2026-09-11T13:01:10.607971+00:00,EURCAD.m,bullish,A,Key level in range,V,2026-09-07 00:00:00,False,1.60538,2026-08-21 00:00:00,1.60390,1.61358,,,True,,1.60731,1.60287,1.60731,1.60834,2026-09-11 12:00:00
2026-09-11T13:01:13.481633+00:00,GBPCAD.m,bullish,A,Key level in range,V,2026-09-02 00:00:00,False,1.87524,2026-08-18 00:00:00,1.87103,1.89512,,,True,,1.87185,1.86573,1.87185,1.87463,2026-09-11 12:00:00
2026-09-11T13:01:16.953619+00:00,AUDCHF.m,bullish,A+,Key level in range,V,2026-08-27 00:00:00,True,0.56683,2026-08-20 00:00:00,0.56440,0.57806,,,True,low,0.58513,0.58121,0.58469,0.58497,2026-09-11 12:00:00
2026-09-11T13:01:21.605755+00:00,CADJPY.m,bearish,A,Key level in range,A,2026-09-03 00:00:00,True,115.418,2026-09-01 00:00:00,114.616,115.580,,,True,,111.902,111.043,111.043,110.699,2026-09-11 12:00:00
2026-09-11T13:01:25.488725+00:00,UK100.std,bullish,A,Key level in range,V,2026-09-09 00:00:00,False,10691.6,2026-09-01 00:00:00,10686.8,10935.7,,,True,,10690.0,10585.7,10690.0,10712.4,2026-09-11 12:00:00
2026-09-11T13:01:30.847846+00:00,ETHUSD.m,bullish,A,Key level in range,V,2026-09-02 00:00:00,False,2405.34,2026-08-28 00:00:00,1866.59,2565.82,,,True,,2482.96,2403.96,2482.96,2509.31,2026-09-11 12:00:00
2026-09-11T17:00:10.544118+00:00,USDCHF.m,bullish,A,Key level in range,V,2026-08-19 00:00:00,False,0.80516,2026-09-03 00:00:00,0.79491,0.81561,,,True,,0.81466,0.80692,0.81466,0.81601,2026-09-11 16:00:00
2026-09-11T17:00:24.843376+00:00,XAUUSD.m,bearish,A,Key level in range,A,2026-08-19 00:00:00,False,4510.69,2026-09-03 00:00:00,4282.55,4696.67,,,True,,4434.69,4313.78,4375.11,4361.69,2026-09-11 16:00:00
2026-09-11T17:00:30.244742+00:00,US30.std,bullish,A,Key level in range,V,2026-09-09 00:00:00,False,52773.0,2026-08-20 00:00:00,51504.0,54266.5,,,True,,52668.1,51984.5,52668.1,52686.5,2026-09-11 16:00:00
2026-09-13T20:55:15.283346+00:00,BTCUSD.m,bearish,A,Key level in range,A,2026-09-03 00:00:00,False,80565.21,2026-09-07 00:00:00,76186.71,82285.71,,,True,,77495.71,76939.21,77033.71,76770.71,2026-09-13 08:00:00
2026-09-13T20:55:17.893948+00:00,ETHUSD.m,bearish,A,Key level in range,A,2026-09-02 00:00:00,True,2535.42,2026-09-07 00:00:00,2354.51,2545.85,,,True,,2544.65,2505.28,2513.85,2492.76,2026-09-13 08:00:00
2026-09-14T03:51:15.731707+00:00,GBPAUD.m,bullish,A,Key level in range,V,2026-09-02 00:00:00,False,1.90519,2026-08-10 00:00:00,1.89917,1.92590,,,True,,1.88799,1.88179,1.88799,1.88857,2026-09-14 00:00:00
2026-09-14T03:51:26.375670+00:00,JP225.std,bearish,A,Key level in range,A,2026-09-02 00:00:00,True,66780,2026-09-08 00:00:00,63692,67321,,,True,,64937,63080,63080,62981,2026-09-14 00:00:00
2026-09-14T03:52:37.057037+00:00,NZDUSD.m,bearish,A,Key level in range,A,2026-09-10 00:00:00,True,0.59016,2026-09-04 00:00:00,0.58015,0.59873,,,True,,0.58345,0.57919,0.58018,0.57982,2026-09-14 00:00:00
2026-09-14T03:52:46.601584+00:00,CADCHF.m,bullish,A,Key level in range,V,2026-09-11 00:00:00,True,0.58414,2026-09-07 00:00:00,0.57871,0.58779,,,True,,0.58922,0.58705,0.58907,0.58932,2026-09-14 00:00:00
2026-09-14T03:52:49.236158+00:00,US100.std,bearish,A,Key level in range,A,2026-08-13 00:00:00,False,29743.2,2026-09-08 00:00:00,28892.7,29761.2,,,True,,29479.0,29025.7,29025.7,29010.8,2026-09-14 00:00:00
2026-09-14T04:18:38.878659+00:00,AUDUSD.m,bearish,A,Key level in range,A,2026-09-07 00:00:00,False,0.69597,2026-07-07 00:00:00,0.68648,0.70879,,,True,,0.71872,0.71496,0.71496,0.71472,2026-09-14 00:00:00
2026-09-14T05:00:28.850036+00:00,EURUSD.m,bearish,A,Key level in range,A,2026-08-19 00:00:00,False,1.16408,2026-09-03 00:00:00,1.15659,1.17111,,,True,,1.16170,1.15689,1.15689,1.15651,2026-09-14 04:00:00
2026-09-14T05:00:36.350770+00:00,EURCAD.m,bearish,A,Key level in range,A,2026-09-07 00:00:00,True,1.61364,2026-09-02 00:00:00,1.60538,1.61857,,,True,,1.61177,1.60442,1.60522,1.60454,2026-09-14 04:00:00
2026-09-14T05:00:40.262269+00:00,GBPNZD.m,bullish,A,Key level in range,V,2026-09-10 00:00:00,True,2.28865,2026-08-17 00:00:00,2.27789,2.31491,,,True,,2.33106,2.31572,2.33153,2.33445,2026-09-14 04:00:00
2026-09-14T05:00:42.409850+00:00,AUDNZD.m,bullish,A,Key level in range,V,2026-09-08 00:00:00,True,1.19474,2026-08-20 00:00:00,1.19435,1.20901,,,True,,1.23485,1.22768,1.23524,1.23615,2026-09-14 04:00:00
2026-09-14T05:00:48.252793+00:00,BTCUSD.m,bullish,A,Key level in range,V,2026-09-03 00:00:00,True,76832.71,2026-08-28 00:00:00,62635.21,81258.21,,,True,,77406.71,76473.21,77495.71,77647.71,2026-09-14 04:00:00
2026-09-14T10:05:56.299298+00:00,USDCAD.m,bullish,A,Key level in range,V,2026-08-07 00:00:00,False,1.37646,2026-09-03 00:00:00,1.37315,1.39392,,,True,,1.38833,1.38243,1.38833,1.38967,2026-09-14 08:00:00
2026-09-14T10:07:21.649118+00:00,AUDUSD.m,bearish,A,Key level in range,A,2026-09-07 00:00:00,False,0.69597,2026-07-07 00:00:00,0.68648,0.70879,,,True,,0.71872,0.71496,0.71496,0.71290,2026-09-14 08:00:00
2026-09-14T10:07:35.791149+00:00,UK100.std,bullish,A,Key level in range,V,2026-09-09 00:00:00,False,10691.6,2026-09-01 00:00:00,10686.8,10935.7,,,True,,10720.7,10584.4,10720.7,10720.9,2026-09-14 08:00:00
2026-09-14T13:00:15.599372+00:00,GBPUSD.m,bearish,A,Key level in range,A,2026-08-14 00:00:00,False,1.35675,2026-09-09 00:00:00,1.34741,1.36751,,,True,,1.35343,1.34800,1.34800,1.34684,2026-09-14 12:00:00
2026-09-14T13:00:20.845849+00:00,USDJPY.m,bullish,A,Key level in range,V,2026-09-03 00:00:00,False,158.013,2026-08-20 00:00:00,156.775,159.772,,,True,,154.609,153.233,154.609,154.854,2026-09-14 12:00:00
2026-09-14T13:00:37.771930+00:00,XAUUSD.m,bearish,A,Key level in range,A,2026-08-19 00:00:00,False,4510.69,2026-09-03 00:00:00,4282.55,4696.67,,,True,,4402.42,4290.02,4290.02,4270.96,2026-09-14 12:00:00
2026-09-14T13:00:44.891208+00:00,XAGUSD.m,bearish,A,Key level in range,A,2026-08-28 00:00:00,True,67.997,2026-09-04 00:00:00,63.298,71.160,,,True,,65.268,62.813,62.813,62.658,2026-09-14 12:00:00
2026-09-14T18:28:15.632108+00:00,CADCHF.m,bearish,A+,Key level in range,A,2026-09-11 00:00:00,False,0.57165,2026-06-22 00:00:00,0.56490,0.57397,,,True,high,0.58922,0.58705,0.58705,0.58660,2026-09-14 16:00:00
2026-09-15T02:53:20.436870+00:00,EURUSD.m,bearish,A,Key level in range,A,2026-06-21 00:00:00,True,1.17111,2026-08-16 00:00:00,1.13529,1.17964,,,True,,1.16538,1.15689,1.15659,1.15479,2026-09-14 00:00:00
2026-09-15T02:53:27.851499+00:00,NZDUSD.m,bearish,A,Key level in range,A,2026-06-21 00:00:00,True,0.59873,2026-08-16 00:00:00,0.56254,0.59932,,,True,,0.58880,0.57919,0.58015,0.57776,2026-09-14 00:00:00
2026-09-15T02:53:32.376498+00:00,EURGBP.m,bearish,A,Key level in range,A,2026-08-30 00:00:00,False,0.85856,2026-07-26 00:00:00,0.84542,0.86862,,,True,,0.85994,0.85700,0.85700,0.85539,2026-09-14 00:00:00
2026-09-15T02:53:42.942092+00:00,NZDCHF.m,bearish,A,Key level in range,A,2026-07-12 00:00:00,False,0.46352,2026-04-05 00:00:00,0.45603,0.46491,,,True,,0.47658,0.47091,0.47300,0.47223,2026-09-14 00:00:00
2026-09-15T02:53:44.107323+00:00,NZDCAD.m,bearish,A,Key level in range,A,2026-05-24 00:00:00,False,0.82749,2026-08-23 00:00:00,0.79878,0.82920,,,True,,0.81399,0.80021,0.80601,0.80311,2026-09-14 00:00:00
2026-09-15T02:53:47.851134+00:00,JP225.std,bearish,A,Key level in range,A,2026-05-03 00:00:00,False,69636,2026-08-09 00:00:00,60476,73711,,,True,,66780,63080,63692,63410,2026-09-14 00:00:00
2026-09-15T02:53:55.893149+00:00,XAGUSD.m,bearish,A,Key level in range,A,2026-05-31 00:00:00,True,71.160,2026-08-23 00:00:00,54.755,89.359,,,True,,68.313,62.813,63.298,63.206,2026-09-14 00:00:00
2026-09-16T00:07:23.005843+00:00,AUDUSD.m,bearish,A,Key level in range,A,2026-04-26 00:00:00,False,0.66171,2025-10-26 00:00:00,0.64398,0.67066,,,True,,0.72374,0.71496,0.71210,0.71200,2026-09-15 00:00:00
2026-09-16T00:07:26.600199+00:00,NZDUSD.m,bearish,A,Key level in range,A,2026-09-14 00:00:00,True,0.59016,2026-09-04 00:00:00,0.58015,0.59873,,,True,,0.58183,0.57564,0.57564,0.57547,2026-09-15 04:00:00
2026-09-16T00:07:32.648568+00:00,EURNZD.m,bullish,A,Key level in range,V,2026-09-10 00:00:00,True,1.97000,2026-09-07 00:00:00,1.95119,1.99386,,,True,,2.00296,1.98989,2.00296,2.00441,2026-09-15 04:00:00
2026-09-16T00:07:33.333287+00:00,EURNZD.m,bullish,A,Key level in range,V,2026-05-24 00:00:00,False,1.95006,2026-08-23 00:00:00,1.94358,2.02349,,,True,,2.00397,1.97000,2.00397,2.00432,2026-09-15 00:00:00
2026-09-16T00:07:36.775295+00:00,GBPNZD.m,bullish,A,Key level in range,V,2026-09-10 00:00:00,True,2.28865,2026-08-17 00:00:00,2.27789,2.31491,,,True,,2.33972,2.32080,2.33972,2.34269,2026-09-15 04:00:00
2026-09-16T00:07:41.762680+00:00,AUDNZD.m,bullish,A,Key level in range,V,2026-09-08 00:00:00,True,1.19474,2026-08-20 00:00:00,1.19435,1.20901,,,True,,1.23646,1.23003,1.23635,1.23715,2026-09-15 04:00:00
2026-09-16T00:07:42.567462+00:00,AUDNZD.m,bullish,A,Key level in range,V,2026-08-30 00:00:00,True,1.19777,2026-05-31 00:00:00,1.19195,1.22837,,,True,,1.23689,1.22206,1.23689,1.23826,2026-09-15 00:00:00
2026-09-16T00:07:44.442921+00:00,NZDCHF.m,bearish,A,Key level in range,A,2026-09-14 00:00:00,True,0.47935,2026-08-21 00:00:00,0.47233,0.48030,,,True,,0.47535,0.47097,0.47097,0.47089,2026-09-15 04:00:00
2026-09-16T00:07:45.849363+00:00,NZDCAD.m,bearish,A,Key level in range,A,2026-09-14 00:00:00,True,0.82112,2026-08-17 00:00:00,0.81232,0.82920,,,True,,0.80690,0.80081,0.80081,0.80067,2026-09-15 04:00:00
2026-09-16T00:07:51.964423+00:00,US30.std,bearish,A,Key level in range,A,2026-09-09 00:00:00,True,53780.0,2026-09-03 00:00:00,52682.1,53832.0,,,True,,52690.9,52285.5,52285.5,52229.1,2026-09-15 04:00:00
2026-09-16T00:09:12.529456+00:00,BTCUSD.m,bearish,A,Key level in range,A,2026-08-16 00:00:00,False,66926.71,2026-07-19 00:00:00,57713.71,82824.71,,,True,,80565.21,76048.71,76048.71,75870.21,2026-09-15 00:00:00
2026-09-16T01:00:36.324532+00:00,USDJPY.m,bullish,A,Key level in range,V,2026-09-03 00:00:00,False,158.013,2026-08-20 00:00:00,156.775,159.772,,,True,,155.232,154.201,155.232,155.360,2026-09-16 00:00:00
2026-09-16T01:00:42.245247+00:00,USDCAD.m,bullish,A,Key level in range,V,2026-08-07 00:00:00,False,1.37646,2026-09-03 00:00:00,1.37315,1.39392,,,True,,1.39287,1.38962,1.39287,1.39291,2026-09-16 00:00:00
2026-09-16T01:00:46.132241+00:00,NZDUSD.m,bearish,A,Key level in range,A,2026-09-14 00:00:00,True,0.59016,2026-09-04 00:00:00,0.58015,0.59873,,,True,,0.57811,0.57498,0.57513,0.57420,2026-09-16 00:00:00
2026-09-16T01:00:52.385365+00:00,EURNZD.m,bullish,A,Key level in range,V,2026-09-15 00:00:00,True,1.97000,2026-09-07 00:00:00,1.95119,1.99386,,,True,,2.00771,1.99410,2.00564,2.00855,2026-09-16 00:00:00
2026-09-16T01:00:55.186885+00:00,GBPNZD.m,bullish,A+,Key level in range,V,2026-09-10 00:00:00,True,2.28865,2026-08-17 00:00:00,2.27789,2.31491,,,True,low,2.34552,2.33268,2.34434,2.34535,2026-09-16 00:00:00
2026-09-16T01:00:57.503880+00:00,AUDNZD.m,bullish,A,Key level in range,V,2026-09-15 00:00:00,True,1.22768,2026-09-11 00:00:00,1.19474,1.23689,,,True,,1.23893,1.23334,1.23862,1.24094,2026-09-16 00:00:00
2026-09-16T01:00:59.376690+00:00,NZDCAD.m,bearish,A,Key level in range,A,2026-09-09 00:00:00,True,0.82112,2026-08-17 00:00:00,0.81232,0.82920,,,True,,0.80383,0.80022,0.80022,0.79982,2026-09-16 00:00:00
2026-09-16T05:40:44.718702+00:00,XAUUSD.m,bullish,A,Key level in range,V,2026-08-19 00:00:00,True,4324.48,2026-08-19 00:00:00,4310.88,4449.71,,,True,,4317.34,4261.30,4317.34,4321.90,2026-09-16 04:00:00
2026-09-16T05:40:54.550064+00:00,XAGUSD.m,bullish,A,Key level in range,V,2026-09-14 00:00:00,False,67.421,2026-08-25 00:00:00,62.167,70.010,,,True,,63.931,62.540,63.931,64.548,2026-09-16 04:00:00
2026-09-16T05:42:04.448346+00:00,NZDCHF.m,bearish,A,Key level in range,A,2026-09-14 00:00:00,True,0.47935,2026-08-21 00:00:00,0.47233,0.48030,,,True,,0.47257,0.47045,0.47045,0.47022,2026-09-16 04:00:00
2026-09-16T09:01:15.140311+00:00,JP225.std,bullish,A,Key level in range,V,2026-09-14 00:00:00,False,64670,2026-08-07 00:00:00,60476,66779,,,True,,64123,62968,64123,64250,2026-09-16 08:00:00
2026-09-16T13:19:36.697599+00:00,AUDCAD.m,bullish,A,Key level in range,V,2026-09-10 00:00:00,False,0.99006,2026-09-03 00:00:00,0.97793,0.99783,,,True,,0.99311,0.98931,0.99311,0.99369,2026-09-16 12:00:00
2026-09-16T13:19:51.344996+00:00,DE40.std,bullish,A,Key level in range,V,2026-09-09 00:00:00,False,25916.4,2026-08-20 00:00:00,24616.0,26593.0,,,True,,25543.8,25185.0,25508.2,25522.8,2026-09-16 12:00:00
2026-09-16T13:20:56.704364+00:00,GBPUSD.m,bearish,A,Key level in range,A,2026-08-14 00:00:00,False,1.35675,2026-09-09 00:00:00,1.34741,1.36751,,,True,,1.35041,1.34637,1.34637,1.34570,2026-09-16 12:00:00
2026-09-16T13:21:02.470679+00:00,USDCAD.m,bullish,A,Key level in range,V,2026-08-07 00:00:00,False,1.37646,2026-09-03 00:00:00,1.37315,1.39392,,,True,,1.39287,1.38962,1.39287,1.39355,2026-09-16 12:00:00
2026-09-16T13:21:07.466932+00:00,EURGBP.m,bullish,A,Key level in range,V,2026-09-14 00:00:00,False,0.85700,2026-09-08 00:00:00,0.85503,0.86074,,,True,,0.85664,0.85457,0.85664,0.85712,2026-09-16 12:00:00
2026-09-16T17:00:27.396546+00:00,GBPAUD.m,bearish,A,Key level in range,A,2026-09-02 00:00:00,True,1.89704,2026-09-01 00:00:00,1.88555,1.91897,,,True,,1.89445,1.88876,1.88695,1.88546,2026-09-16 16:00:00
2026-09-16T22:55:35.374714+00:00,USDCAD.m,bullish,A,Key level in range,V,2026-06-07 00:00:00,True,1.37315,2026-08-16 00:00:00,1.35495,1.42474,,,True,,1.38833,1.37591,1.39392,1.39896,2026-09-16 00:00:00
2026-09-17T02:33:33.437962+00:00,AUDUSD.m,bearish,A,Key level in range,A,2026-09-07 00:00:00,False,0.69597,2026-07-07 00:00:00,0.68648,0.70879,,,True,,0.71407,0.71166,0.71196,0.70885,2026-09-16 20:00:00
2026-09-17T02:33:38.788831+00:00,AUDUSD.m,bearish,A,Key level in range,A,2026-04-26 00:00:00,False,0.66171,2025-10-26 00:00:00,0.64398,0.67066,,,True,,0.72374,0.71496,0.71210,0.70873,2026-09-16 00:00:00
2026-09-17T02:33:53.332366+00:00,XAUUSD.m,bearish,A,Key level in range,A,2026-06-21 00:00:00,True,4696.67,2026-08-23 00:00:00,3943.42,4773.39,,,True,,4442.89,4290.02,4282.55,4264.06,2026-09-16 00:00:00
2026-09-17T02:33:58.187356+00:00,US30.std,bearish,A,Key level in range,A,2026-08-02 00:00:00,False,42845.8,2025-03-23 00:00:00,40680.7,45094.8,,,True,,53317.1,51984.5,51984.5,51491.5,2026-09-16 00:00:00
2026-09-17T02:34:04.165215+00:00,XAGUSD.m,bearish,A,Key level in range,A,2026-05-31 00:00:00,True,71.160,2026-08-23 00:00:00,54.755,89.359,,,True,,68.313,62.813,63.298,62.956,2026-09-16 00:00:00
2026-09-17T02:35:06.430378+00:00,GBPUSD.m,bearish,A,Key level in range,A,2026-08-16 00:00:00,False,1.35576,2026-07-12 00:00:00,1.31396,1.36574,,,True,,1.35675,1.34800,1.34741,1.33823,2026-09-16 00:00:00
2026-09-17T02:35:28.592560+00:00,NZDCAD.m,bearish,A,Key level in range,A,2026-05-24 00:00:00,False,0.82749,2026-08-23 00:00:00,0.79878,0.82920,,,True,,0.81399,0.80021,0.80021,0.79914,2026-09-16 00:00:00
2026-09-17T07:16:42.277576+00:00,JP225.std,bullish,A,Key level in range,V,2026-09-14 00:00:00,False,64670,2026-08-07 00:00:00,60476,66779,,,True,,64915,63224,64123,64148,2026-09-17 04:00:00
2026-09-17T07:17:57.921208+00:00,EURAUD.m,bearish,A,Key level in range,A,2026-08-26 00:00:00,True,1.64043,2026-08-07 00:00:00,1.63457,1.65028,,,True,,1.62035,1.61571,1.61571,1.61289,2026-09-17 04:00:00
2026-09-17T07:18:03.791387+00:00,GBPAUD.m,bearish,A,Key level in range,A,2026-09-02 00:00:00,True,1.89501,2026-09-14 00:00:00,1.87205,1.89704,,,True,,1.89225,1.88459,1.88459,1.88219,2026-09-17 04:00:00
2026-09-17T07:18:07.693984+00:00,AUDJPY.m,bullish,A,Key level in range,V,2026-09-07 00:00:00,False,112.217,2026-08-19 00:00:00,110.829,113.605,,,True,,110.842,110.419,110.791,110.903,2026-09-17 04:00:00
2026-09-17T07:18:13.251176+00:00,NZDCHF.m,bullish,A,Key level in range,V,2026-09-14 00:00:00,False,0.47300,2026-09-02 00:00:00,0.47233,0.48002,,,True,,0.47207,0.46984,0.47203,0.47285,2026-09-17 04:00:00
2026-09-17T09:00:04.549094+00:00,EURNZD.m,bearish,A,Key level in range,A,2026-09-15 00:00:00,False,1.96295,2026-08-26 00:00:00,1.95695,1.97560,,,True,,2.01109,1.99615,2.00109,2.00031,2026-09-17 08:00:00
2026-09-17T09:00:09.843200+00:00,AUDCAD.m,bullish,A,Key level in range,V,2026-09-10 00:00:00,False,0.99006,2026-09-03 00:00:00,0.97793,0.99783,,,True,,0.99455,0.98999,0.99455,0.99483,2026-09-17 08:00:00
2026-09-17T09:00:15.488143+00:00,CHFJPY.m,bearish,A,Key level in range,A,2026-09-11 00:00:00,True,198.765,2026-08-28 00:00:00,195.465,199.072,,,True,,189.787,188.952,188.952,188.775,2026-09-17 08:00:00
2026-09-17T09:00:18.627847+00:00,UK100.std,bullish,A,Key level in range,V,2026-09-09 00:00:00,False,10691.6,2026-09-01 00:00:00,10686.8,10935.7,,,True,,10742.4,10635.7,10742.4,10743.6,2026-09-17 08:00:00
2026-09-17T09:00:22.176811+00:00,US100.std,bullish,A,Key level in range,V,2026-08-13 00:00:00,True,28892.7,2026-09-02 00:00:00,28887.4,29761.2,,,True,,29251.0,28765.4,29251.0,29270.4,2026-09-17 08:00:00
2026-09-17T13:00:19.840026+00:00,EURGBP.m,bullish,A,Key level in range,V,2026-09-14 00:00:00,False,0.85700,2026-09-08 00:00:00,0.85503,0.86074,,,True,,0.85808,0.85538,0.85808,0.85837,2026-09-17 12:00:00
2026-09-17T13:00:24.961130+00:00,GBPJPY.m,bearish,A,Key level in range,A,2026-09-02 00:00:00,True,217.463,2026-08-25 00:00:00,214.817,218.677,,,True,,209.463,208.340,208.340,208.258,2026-09-17 12:00:00
2026-09-17T13:00:28.595973+00:00,GBPNZD.m,bearish,A,Key level in range,A,2026-09-10 00:00:00,False,2.29271,2026-08-26 00:00:00,2.27879,2.30934,,,True,,2.34886,2.33120,2.33266,2.33106,2026-09-17 12:00:00
2026-09-17T13:00:34.814487+00:00,JP225.std,bullish,A,Key level in range,V,2026-09-14 00:00:00,False,64670,2026-08-07 00:00:00,60476,66779,,,True,,64915,63224,64951,65090,2026-09-17 12:00:00
2026-09-17T13:00:39.748399+00:00,XAUUSD.m,bullish,A,Key level in range,V,2026-09-16 00:00:00,False,4324.48,2026-08-19 00:00:00,4310.88,4449.71,,,True,,4367.11,4235.23,4367.11,4373.30,2026-09-17 12:00:00
2026-09-17T13:00:46.987463+00:00,XAGUSD.m,bullish,A,Key level in range,V,2026-09-16 00:00:00,False,67.421,2026-08-25 00:00:00,62.167,70.010,,,True,,64.921,62.293,64.921,65.481,2026-09-17 12:00:00
2026-09-17T18:10:42.812421+00:00,GBPCAD.m,bearish,A,Key level in range,A,2026-09-02 00:00:00,True,1.88512,2026-08-19 00:00:00,1.87524,1.89512,,,True,,1.87879,1.87092,1.87026,1.86656,2026-09-17 16:00:00
2026-09-17T18:10:46.884499+00:00,AUDJPY.m,bullish,A,Key level in range,V,2026-09-07 00:00:00,False,112.217,2026-08-19 00:00:00,110.829,113.605,,,True,,110.842,110.419,110.937,110.985,2026-09-17 16:00:00
2026-09-18T00:16:43.888581+00:00,UK100.std,bullish,A,Key level in range,V,2026-09-06 00:00:00,False,10686.8,2026-08-16 00:00:00,10135.8,10999.0,,,True,,10875.2,10584.4,10749.2,10811.8,2026-09-17 00:00:00
2026-09-18T01:20:45.828144+00:00,AUDCHF.m,bullish,A,Key level in range,V,2026-07-19 00:00:00,True,0.55492,2026-06-28 00:00:00,0.54547,0.56726,,,True,,0.58591,0.58069,0.58591,0.58624,2026-09-17 00:00:00
2026-09-18T01:22:00.050997+00:00,EURJPY.m,bullish,A,Key level in range,V,2026-09-02 00:00:00,False,183.919,2026-08-19 00:00:00,181.434,187.452,,,True,,179.209,178.465,179.288,179.300,2026-09-18 00:00:00
2026-09-18T01:22:04.354606+00:00,AUDJPY.m,bullish,A,Key level in range,V,2026-09-07 00:00:00,False,112.217,2026-08-19 00:00:00,110.829,113.605,,,True,,111.014,110.500,110.937,111.154,2026-09-18 00:00:00
2026-09-18T01:22:07.633702+00:00,AUDNZD.m,bullish,A,Key level in range,V,2026-09-15 00:00:00,True,1.22768,2026-09-11 00:00:00,1.19474,1.23689,,,True,,1.24224,1.23704,1.24224,1.24393,2026-09-18 00:00:00
2026-09-18T05:00:23.360084+00:00,USDJPY.m,bullish,A,Key level in range,V,2026-09-03 00:00:00,False,158.013,2026-08-20 00:00:00,156.775,159.772,,,True,,156.303,155.331,156.409,157.127,2026-09-18 04:00:00
2026-09-18T05:00:29.941138+00:00,AUDUSD.m,bullish,A,Key level in range,V,2026-09-16 00:00:00,False,0.71210,2026-09-02 00:00:00,0.70664,0.72077,,,True,,0.71258,0.70824,0.71258,0.71285,2026-09-18 04:00:00
2026-09-18T05:00:34.898411+00:00,EURAUD.m,bearish,A,Key level in range,A,2026-08-26 00:00:00,True,1.64043,2026-08-07 00:00:00,1.63457,1.65028,,,True,,1.61842,1.61166,1.61166,1.61121,2026-09-18 04:00:00
2026-09-18T05:00:38.236228+00:00,GBPJPY.m,bullish,A,Key level in range,V,2026-09-02 00:00:00,False,207.290,2026-09-14 00:00:00,207.088,217.463,,,True,,209.105,207.859,209.232,210.064,2026-09-18 04:00:00
2026-09-18T05:00:42.688359+00:00,AUDCAD.m,bullish,A,Key level in range,V,2026-09-10 00:00:00,False,0.99006,2026-09-03 00:00:00,0.97793,0.99783,,,True,,0.99620,0.99074,0.99620,0.99668,2026-09-18 04:00:00
2026-09-18T05:00:46.248635+00:00,NZDJPY.m,bullish,A,Key level in range,V,2026-09-02 00:00:00,False,93.308,2026-08-19 00:00:00,92.808,94.291,,,True,,89.487,89.123,89.487,90.034,2026-09-18 04:00:00
2026-09-18T05:00:49.125608+00:00,CADJPY.m,bullish,A,Key level in range,V,2026-09-11 00:00:00,False,114.616,2026-08-26 00:00:00,114.076,115.580,,,True,,111.767,111.065,111.807,112.389,2026-09-18 04:00:00
2026-09-18T05:00:51.865425+00:00,CHFJPY.m,bullish,A,Key level in range,V,2026-09-11 00:00:00,False,195.465,2026-08-14 00:00:00,194.314,196.683,,,True,,189.338,188.454,189.787,190.871,2026-09-18 04:00:00
2026-09-18T05:00:53.948150+00:00,JP225.std,bullish,A,Key level in range,V,2026-09-14 00:00:00,False,64670,2026-08-07 00:00:00,60476,66779,,,True,,65238,63848,65238,65265,2026-09-18 04:00:00
2026-09-18T05:01:00.809773+00:00,BTCUSD.m,bullish,A,Key level in range,V,2026-09-15 00:00:00,False,76832.71,2026-08-28 00:00:00,62635.21,81258.21,,,True,,77097.21,75575.21,77097.21,77504.71,2026-09-18 04:00:00
2026-09-18T09:00:01.769824+00:00,AUDCHF.m,bullish,A,Key level in range,V,2026-09-17 00:00:00,True,0.58069,2026-09-11 00:00:00,0.56683,0.58562,,,True,,0.58747,0.58392,0.58747,0.58756,2026-09-18 08:00:00
2026-09-18T09:00:08.477674+00:00,XAUUSD.m,bullish,A,Key level in range,V,2026-09-16 00:00:00,False,4324.48,2026-08-19 00:00:00,4310.88,4449.71,,,True,,4381.42,4257.49,4381.42,4392.20,2026-09-18 08:00:00
2026-09-18T09:00:15.714429+00:00,ETHUSD.m,bullish,A,Key level in range,V,2026-09-02 00:00:00,False,2403.96,2026-09-10 00:00:00,2354.51,2535.42,,,True,,2480.61,2386.01,2480.61,2502.16,2026-09-18 08:00:00
2026-09-18T09:00:18.147858+00:00,XAGUSD.m,bullish,A,Key level in range,V,2026-09-16 00:00:00,False,67.421,2026-08-25 00:00:00,62.167,70.010,,,True,,66.140,62.840,66.140,67.232,2026-09-18 08:00:00
2026-09-18T09:01:24.493511+00:00,EURCAD.m,bullish,A,Key level in range,V,2026-09-07 00:00:00,False,1.60163,2026-09-14 00:00:00,1.60000,1.61177,,,True,,1.60723,1.60157,1.60723,1.60747,2026-09-18 08:00:00
2026-09-18T13:00:14.930397+00:00,USDCAD.m,bullish,A,Key level in range,V,2026-09-16 00:00:00,True,1.37646,2026-09-03 00:00:00,1.37315,1.39392,,,True,,1.40009,1.39732,1.40009,1.40047,2026-09-18 12:00:00
2026-09-18T13:00:27.724405+00:00,NZDCHF.m,bearish,A,Key level in range,A,2026-09-14 00:00:00,True,0.47535,2026-09-14 00:00:00,0.47300,0.48002,,,True,,0.47377,0.47100,0.47122,0.47107,2026-09-18 12:00:00
2026-09-18T13:00:31.896012+00:00,UK100.std,bearish,A,Key level in range,A,2026-09-17 00:00:00,False,10749.2,2026-09-14 00:00:00,10584.4,10875.2,,,True,,10845.1,10679.9,10707.3,10700.8,2026-09-18 12:00:00
2026-09-18T17:01:00.650739+00:00,GBPUSD.m,bullish,A+,Key level in range,V,2026-09-16 00:00:00,False,1.34741,2026-09-02 00:00:00,1.34738,1.36751,,,True,low,1.34058,1.33358,1.33754,1.33819,2026-09-18 16:00:00
2026-09-19T18:56:21.908245+00:00,EURCHF.m,bearish,A,Key level in range,A,2026-09-10 00:00:00,False,0.93935,2026-08-27 00:00:00,0.93036,0.94102,,,True,,0.94783,0.94390,0.94401,0.94396,2026-09-18 16:00:00
2026-09-19T18:56:34.428563+00:00,CADCHF.m,bearish,A,Key level in range,A,2026-09-11 00:00:00,False,0.57165,2026-06-22 00:00:00,0.56490,0.57397,,,True,,0.59066,0.58843,0.58816,0.58766,2026-09-18 16:00:00
2026-09-19T18:56:37.393289+00:00,US30.std,bearish,A,Key level in range,A,2026-09-16 00:00:00,True,53780.0,2026-09-03 00:00:00,52682.1,53832.0,,,True,,52178.5,51470.6,51649.5,51624.5,2026-09-18 16:00:00
2026-09-19T18:56:41.659914+00:00,DE40.std,bearish,A,Key level in range,A,2026-09-09 00:00:00,True,26166.9,2026-09-04 00:00:00,25732.9,26627.3,,,True,,25830.0,25525.5,25386.3,25308.2,2026-09-18 16:00:00
2026-09-19T18:56:42.825735+00:00,BTCUSD.m,bullish,A,Key level in range,V,2026-08-16 00:00:00,True,62197.71,2026-08-02 00:00:00,57713.71,66926.71,,,True,,80565.21,76048.71,79596.21,81096.71,2026-09-18 00:00:00
2026-09-19T18:56:45.577302+00:00,ETHUSD.m,bullish,A+,Key level in range,V,2026-08-16 00:00:00,True,1509.25,2026-06-21 00:00:00,1504.54,2465.68,,,True,low,2664.88,2403.96,2614.26,2630.91,2026-09-18 00:00:00
2026-09-19T18:58:01.584141+00:00,BTCUSD.m,bullish,A,Key level in range,V,2026-09-18 00:00:00,True,76832.71,2026-08-28 00:00:00,62635.21,81258.21,,,True,,81409.71,76170.71,81738.71,81828.21,2026-09-19 16:00:00
2026-09-21T08:10:22.025585+00:00,US100.std,bullish,A,Key level in range,V,2026-08-13 00:00:00,True,28892.7,2026-09-02 00:00:00,28887.4,29761.2,,,True,,29724.9,29378.3,29696.3,29835.9,2026-09-21 00:00:00
2026-09-21T08:10:25.992456+00:00,ETHUSD.m,bullish,A,Key level in range,V,2026-09-18 00:00:00,True,2403.96,2026-09-10 00:00:00,2354.51,2535.42,,,True,,2648.52,2562.92,2665.64,2688.07,2026-09-21 00:00:00
2026-09-21T09:00:02.733417+00:00,AUDCAD.m,bullish,A,Key level in range,V,2026-09-10 00:00:00,False,0.99006,2026-09-03 00:00:00,0.97793,0.99783,,,True,,0.99825,0.99398,0.99825,0.99907,2026-09-21 08:00:00
2026-09-21T09:00:09.369917+00:00,NZDCAD.m,bullish,A+,Key level in range,V,2026-09-16 00:00:00,False,0.81423,2026-08-18 00:00:00,0.81232,0.82112,,,True,low,0.80231,0.79908,0.80231,0.80256,2026-09-21 08:00:00
2026-09-21T09:00:13.015657+00:00,JP225.std,bullish,A,Key level in range,V,2026-09-14 00:00:00,False,64670,2026-08-07 00:00:00,60476,66779,,,True,,65848,64417,65848,65885,2026-09-21 08:00:00
2026-09-21T09:00:17.994896+00:00,US30.std,bullish,A,Key level in range,V,2026-09-16 00:00:00,False,52773.0,2026-08-20 00:00:00,51504.0,54266.5,,,True,,51996.5,51522.5,51996.5,52057.5,2026-09-21 08:00:00
2026-09-21T09:00:22.561994+00:00,BTCUSD.m,bullish,A,Key level in range,V,2026-09-18 00:00:00,True,76832.71,2026-08-28 00:00:00,62635.21,81258.21,,,True,,81469.71,80094.71,81920.21,83720.71,2026-09-21 08:00:00
2026-09-21T09:00:24.560532+00:00,ETHUSD.m,bullish,A,Key level in range,V,2026-09-18 00:00:00,True,2403.96,2026-09-10 00:00:00,2354.51,2535.42,,,True,,2648.52,2562.92,2665.64,2694.93,2026-09-21 08:00:00
2026-09-21T09:01:31.482707+00:00,EURCAD.m,bullish,A,Key level in range,V,2026-09-07 00:00:00,False,1.60163,2026-09-14 00:00:00,1.60000,1.61177,,,True,,1.60800,1.60460,1.60800,1.60871,2026-09-21 08:00:00
2026-09-21T09:01:34.443309+00:00,GBPCAD.m,bullish,A,Key level in range,V,2026-09-02 00:00:00,False,1.86419,2026-09-09 00:00:00,1.86064,1.89123,,,True,,1.87457,1.86664,1.87457,1.87534,2026-09-21 08:00:00
2026-09-21T17:00:50.463771+00:00,USDCAD.m,bullish,A,Key level in range,V,2026-09-16 00:00:00,True,1.37646,2026-09-03 00:00:00,1.37315,1.39392,,,True,,1.40138,1.39756,1.40138,1.40307,2026-09-21 16:00:00
2026-09-21T17:00:56.841045+00:00,EURCHF.m,bearish,A,Key level in range,A,2026-09-10 00:00:00,False,0.93935,2026-08-27 00:00:00,0.93036,0.94102,,,True,,0.94763,0.94360,0.94181,0.94168,2026-09-21 16:00:00
2026-09-21T17:01:00.882900+00:00,EURCAD.m,bullish,A,Key level in range,V,2026-09-07 00:00:00,False,1.60163,2026-09-14 00:00:00,1.60000,1.61177,,,True,,1.60800,1.60460,1.60800,1.60916,2026-09-21 16:00:00
2026-09-21T17:01:08.693115+00:00,GBPCAD.m,bullish,A,Key level in range,V,2026-09-02 00:00:00,False,1.86419,2026-09-09 00:00:00,1.86064,1.89123,,,True,,1.87457,1.86664,1.87457,1.87571,2026-09-21 16:00:00
2026-09-21T17:01:16.633694+00:00,NZDCAD.m,bullish,A,Key level in range,V,2026-09-16 00:00:00,False,0.81423,2026-08-18 00:00:00,0.81232,0.82112,,,True,,0.80231,0.79908,0.80231,0.80245,2026-09-21 16:00:00
2026-09-21T17:01:21.917911+00:00,CADCHF.m,bearish,A,Key level in range,A,2026-09-11 00:00:00,False,0.57165,2026-06-22 00:00:00,0.56490,0.57397,,,True,,0.58996,0.58716,0.58610,0.58518,2026-09-21 16:00:00
2026-09-21T17:01:26.314189+00:00,CHFJPY.m,bullish,A,Key level in range,V,2026-09-11 00:00:00,False,195.465,2026-08-14 00:00:00,194.314,196.683,,,True,,191.680,189.014,191.680,191.753,2026-09-21 16:00:00
2026-09-21T21:00:56.764151+00:00,EURCHF.m,bearish,A,Key level in range,A,2026-09-06 00:00:00,False,0.92652,2026-06-21 00:00:00,0.90841,0.92657,,,True,,0.94783,0.94174,0.94174,0.94136,2026-09-21 00:00:00
2026-09-21T21:01:08.872164+00:00,NZDCHF.m,bearish,A,Key level in range,A,2026-09-13 00:00:00,True,0.46352,2026-04-05 00:00:00,0.45603,0.46491,,,True,,0.47535,0.46984,0.46984,0.46918,2026-09-21 00:00:00
2026-09-21T22:00:06.080296+00:00,US100.std,bullish,A,Key level in range,V,2026-07-19 00:00:00,False,28887.4,2026-08-23 00:00:00,27080.4,30263.4,,,True,,29724.9,28765.4,29743.2,30514.3,2026-09-21 00:00:00
2026-09-25T05:22:13.167145+00:00,EURUSD.m,bearish,A,Key level in range,A,2026-09-14 00:00:00,True,1.16408,2026-09-03 00:00:00,1.15659,1.17111,,,True,,1.14954,1.14617,1.14545,1.13748,2026-09-25 00:00:00
2026-09-25T05:22:20.786488+00:00,USDJPY.m,bullish,A,Key level in range,V,2026-09-06 00:00:00,False,155.223,2026-08-02 00:00:00,155.030,163.984,,,True,,158.048,153.335,158.048,158.285,2026-09-23 00:00:00
2026-09-25T05:22:29.192199+00:00,USDCHF.m,bullish,A+,Key level in range,V,2026-09-11 00:00:00,True,0.80668,2026-09-09 00:00:00,0.80516,0.81561,,,True,low,0.82385,0.82058,0.82385,0.82790,2026-09-25 00:00:00
2026-09-25T05:22:36.838363+00:00,USDCHF.m,bullish,A,Key level in range,V,2026-09-13 00:00:00,True,0.79491,2026-08-16 00:00:00,0.77611,0.82064,,,True,,0.82633,0.81526,0.82633,0.82774,2026-09-24 00:00:00
2026-09-25T05:22:47.269601+00:00,AUDUSD.m,bearish,A,Key level in range,A,2026-09-16 00:00:00,True,0.69597,2026-07-07 00:00:00,0.68648,0.70879,,,True,,0.71399,0.71067,0.71034,0.70097,2026-09-25 00:00:00
2026-09-25T05:22:55.139897+00:00,AUDUSD.m,bearish,A,Key level in range,A,2026-04-26 00:00:00,False,0.66171,2025-10-26 00:00:00,0.64398,0.67066,,,True,,0.71664,0.70745,0.70745,0.70389,2026-09-23 00:00:00
2026-09-25T05:23:06.246558+00:00,NZDUSD.m,bullish,A+,Key level in range,V,2026-09-14 00:00:00,False,0.58598,2026-08-19 00:00:00,0.58207,0.59051,,,True,low,0.57379,0.57116,0.57379,0.57395,2026-09-22 08:00:00
2026-09-25T05:23:14.037631+00:00,NZDUSD.m,bearish,A,Key level in range,A,2026-09-14 00:00:00,True,0.59016,2026-09-04 00:00:00,0.58015,0.59873,,,True,,0.57379,0.57116,0.57119,0.57020,2026-09-23 04:00:00
2026-09-25T05:23:21.939732+00:00,NZDUSD.m,bearish,A,Key level in range,A,2026-06-21 00:00:00,True,0.59873,2026-08-16 00:00:00,0.56254,0.59932,,,True,,0.58183,0.57028,0.57028,0.56733,2026-09-23 00:00:00
2026-09-25T05:23:34.040430+00:00,EURGBP.m,bullish,A,Key level in range,V,2026-08-30 00:00:00,True,0.85313,2026-08-09 00:00:00,0.84542,0.85856,,,True,,0.86062,0.85457,0.86062,0.86076,2026-09-24 00:00:00
2026-09-25T05:24:04.472138+00:00,EURCHF.m,bullish,A+,Key level in range,V,2026-09-21 00:00:00,False,0.94174,2026-09-15 00:00:00,0.93701,0.94737,,,True,low,0.94529,0.94119,0.94015,0.94216,2026-09-24 08:00:00
2026-09-25T05:24:16.154783+00:00,EURCAD.m,bullish,A,Key level in range,V,2026-09-07 00:00:00,False,1.60163,2026-09-14 00:00:00,1.60000,1.61177,,,True,,1.60986,1.60460,1.60986,1.61023,2026-09-22 20:00:00
2026-09-25T05:24:23.787223+00:00,EURCAD.m,bearish,A,Key level in range,A,2026-09-07 00:00:00,True,1.61010,2026-09-16 00:00:00,1.60163,1.61177,,,True,,1.60986,1.60460,1.60599,1.60468,2026-09-23 16:00:00
2026-09-25T05:24:31.584648+00:00,EURCAD.m,bullish,A,Key level in range,V,2026-07-12 00:00:00,False,1.60335,2026-06-07 00:00:00,1.59024,1.61482,,,True,,1.61010,1.60157,1.61010,1.61023,2026-09-22 00:00:00
2026-09-25T05:24:41.273441+00:00,EURAUD.m,bullish,A+,Key level in range,V,2026-08-26 00:00:00,False,1.62703,2026-08-21 00:00:00,1.62604,1.64445,,,True,low,1.61234,1.60898,1.62006,1.62283,2026-09-24 20:00:00
2026-09-25T05:24:49.079435+00:00,EURAUD.m,bullish,A+,Key level in range,V,2026-08-23 00:00:00,False,1.62909,2026-06-21 00:00:00,1.61751,1.63805,,,True,low,1.62256,1.60857,1.62270,1.62283,2026-09-24 00:00:00
2026-09-25T05:24:58.745658+00:00,EURNZD.m,bullish,A+,Key level in range,V,2026-09-15 00:00:00,True,1.97000,2026-09-07 00:00:00,1.95119,1.99386,,,True,low,2.00857,2.00235,2.00857,2.00930,2026-09-22 00:00:00
2026-09-25T05:25:06.483522+00:00,EURNZD.m,bearish,A,Key level in range,A,2026-09-15 00:00:00,False,1.96295,2026-08-26 00:00:00,1.95695,1.97560,,,True,,2.00857,2.00235,2.00281,2.00075,2026-09-22 04:00:00
2026-09-25T05:25:16.201007+00:00,GBPJPY.m,bearish,A,Key level in range,A,2026-09-02 00:00:00,True,217.463,2026-08-25 00:00:00,214.817,218.677,,,True,,210.755,209.671,209.671,209.632,2026-09-25 00:00:00
2026-09-25T05:25:25.870130+00:00,GBPCHF.m,bearish,A,Key level in range,A,2026-09-11 00:00:00,False,1.09979,2026-09-08 00:00:00,1.08954,1.10074,,,True,,1.10206,1.09738,1.09294,1.09282,2026-09-23 12:00:00
2026-09-25T05:25:35.317719+00:00,GBPCAD.m,bearish,A,Key level in range,A,2026-09-02 00:00:00,True,1.87879,2026-09-16 00:00:00,1.86419,1.89123,,,True,,1.87677,1.87056,1.87213,1.86968,2026-09-23 12:00:00
2026-09-25T05:25:45.431339+00:00,GBPAUD.m,bullish,A+,Key level in range,V,2026-09-02 00:00:00,False,1.90519,2026-08-10 00:00:00,1.89917,1.92590,,,True,low,1.88025,1.87603,1.88448,1.88499,2026-09-24 20:00:00
2026-09-25T05:25:53.468027+00:00,GBPAUD.m,bearish,A,Key level in range,A,2026-09-02 00:00:00,True,1.89501,2026-09-14 00:00:00,1.87205,1.89704,,,True,,1.88025,1.87603,1.87449,1.87429,2026-09-23 00:00:00
2026-09-25T05:26:02.623314+00:00,GBPNZD.m,bullish,A+,Key level in range,V,2026-09-10 00:00:00,True,2.28865,2026-08-17 00:00:00,2.27789,2.31491,,,True,low,2.34238,2.33421,2.33575,2.33615,2026-09-23 16:00:00
2026-09-25T05:26:10.438313+00:00,GBPNZD.m,bearish,A,Key level in range,A,2026-09-10 00:00:00,False,2.29271,2026-08-26 00:00:00,2.27879,2.30934,,,True,,2.34238,2.33421,2.33498,2.33354,2026-09-22 04:00:00
2026-09-25T05:26:19.510111+00:00,AUDJPY.m,bearish,A,Key level in range,A,2026-09-07 00:00:00,True,113.605,2026-08-18 00:00:00,110.829,114.653,,,True,,112.303,111.485,111.568,111.549,2026-09-23 12:00:00
2026-09-25T05:26:28.092195+00:00,AUDCHF.m,bearish,A,Key level in range,A,2026-09-17 00:00:00,False,0.57186,2026-08-06 00:00:00,0.56440,0.57285,,,True,,0.58710,0.58281,0.58281,0.58036,2026-09-25 00:00:00
2026-09-25T05:26:34.913056+00:00,AUDCHF.m,bearish,A,Key level in range,A,2026-07-19 00:00:00,False,0.56726,2026-06-21 00:00:00,0.54547,0.56864,,,True,,0.58821,0.58142,0.58069,0.58040,2026-09-24 00:00:00
2026-09-25T05:26:43.067362+00:00,AUDCAD.m,bearish,A,Key level in range,A,2026-09-10 00:00:00,True,0.98784,2026-08-17 00:00:00,0.98190,0.99246,,,True,,0.99971,0.99395,0.99395,0.99147,2026-09-25 00:00:00
2026-09-25T05:26:49.852933+00:00,AUDCAD.m,bullish,A,Key level in range,V,2026-08-23 00:00:00,True,0.97793,2026-08-16 00:00:00,0.97516,0.99246,,,True,,0.99825,0.98928,0.99902,1.00067,2026-09-22 00:00:00
2026-09-25T05:26:58.120310+00:00,AUDNZD.m,bullish,A,Key level in range,V,2026-09-15 00:00:00,True,1.22768,2026-09-11 00:00:00,1.19474,1.23689,,,True,,1.24674,1.24131,1.24674,1.24762,2026-09-22 00:00:00
2026-09-25T05:27:05.536956+00:00,AUDNZD.m,bearish,A+,Key level in range,A,2026-09-15 00:00:00,False,1.20901,2026-08-18 00:00:00,1.19435,1.21016,,,True,high,1.24674,1.24131,1.24131,1.23831,2026-09-25 00:00:00
2026-09-25T05:27:17.646947+00:00,NZDJPY.m,bearish,A,Key level in range,A,2026-09-02 00:00:00,True,90.363,2026-09-18 00:00:00,88.938,95.191,,,True,,90.222,89.561,89.561,89.544,2026-09-25 04:00:00
2026-09-25T05:27:28.029818+00:00,NZDCHF.m,bearish,A,Key level in range,A,2026-09-21 00:00:00,True,0.47377,2026-09-17 00:00:00,0.46984,0.47535,,,True,,0.47169,0.46850,0.46850,0.46842,2026-09-22 00:00:00
2026-09-25T05:27:37.041614+00:00,NZDCAD.m,bullish,A,Key level in range,V,2026-05-24 00:00:00,True,0.79878,2026-06-28 00:00:00,0.79590,0.82715,,,True,,0.80690,0.79761,0.80392,0.80543,2026-09-22 00:00:00
2026-09-25T05:27:45.436464+00:00,CADJPY.m,bullish,A,Key level in range,V,2026-09-11 00:00:00,False,114.616,2026-08-26 00:00:00,114.076,115.580,,,True,,112.429,111.885,112.356,112.366,2026-09-24 08:00:00
2026-09-25T05:28:01.190348+00:00,CADCHF.m,bearish,A,Key level in range,A,2026-07-12 00:00:00,False,0.57397,2026-06-07 00:00:00,0.56475,0.57898,,,True,,0.59075,0.58643,0.58414,0.58325,2026-09-22 00:00:00
2026-09-25T05:28:13.437360+00:00,CHFJPY.m,bullish,A,Key level in range,V,2026-09-11 00:00:00,False,188.454,2026-09-17 00:00:00,187.665,198.765,,,True,,191.930,190.367,191.930,192.023,2026-09-22 04:00:00
2026-09-25T05:28:20.508208+00:00,CHFJPY.m,bearish,A,Key level in range,A,2026-09-11 00:00:00,True,198.765,2026-08-28 00:00:00,195.465,199.072,,,True,,191.930,190.367,191.052,191.037,2026-09-25 04:00:00
2026-09-25T05:28:28.505695+00:00,JP225.std,bullish,A,Key level in range,V,2026-09-22 00:00:00,True,64670,2026-08-07 00:00:00,60476,66779,,,True,,66279,65298,66098,66369,2026-09-25 04:00:00
2026-09-25T05:28:33.618593+00:00,JP225.std,bullish,A,Key level in range,V,2026-05-03 00:00:00,True,50388,2026-03-29 00:00:00,48661,60076,,,True,,65848,62731,66780,67061,2026-09-22 00:00:00
2026-09-25T05:28:44.589244+00:00,US30.std,bullish,A,Key level in range,V,2026-09-16 00:00:00,False,52773.0,2026-08-20 00:00:00,51504.0,54266.5,,,True,,52207.5,51727.1,52207.5,52336.5,2026-09-22 12:00:00
2026-09-25T05:28:52.382687+00:00,US30.std,bearish,A,Key level in range,A,2026-09-16 00:00:00,True,53780.0,2026-09-03 00:00:00,52682.1,53832.0,,,True,,52207.5,51727.1,51780.5,51778.5,2026-09-23 12:00:00
2026-09-25T05:30:22.631365+00:00,EURJPY.m,bullish,A,Key level in range,V,2026-09-18 00:00:00,True,183.919,2026-08-19 00:00:00,181.434,187.452,,,True,,180.798,179.841,180.416,180.481,2026-09-24 12:00:00
2026-09-25T05:30:29.662244+00:00,EURJPY.m,bearish,A,Key level in range,A,2026-09-18 00:00:00,False,179.536,2026-09-11 00:00:00,177.848,185.744,,,True,,180.798,179.841,179.749,179.736,2026-09-24 04:00:00
2026-09-25T10:00:39.758411+00:00,USDCAD.m,bullish,A,Key level in range,V,2026-09-16 00:00:00,True,1.37646,2026-09-03 00:00:00,1.37315,1.39392,,,True,,1.41490,1.40876,1.41490,1.41506,2026-09-25 08:00:00
2026-09-25T13:35:54.660572+00:00,EURUSD.m,bullish,A,Key level in range,V,2026-09-14 00:00:00,False,1.15659,2026-09-02 00:00:00,1.15115,1.17111,,,True,,1.13987,1.13589,1.13987,1.14009,2026-09-25 12:00:00
2026-09-25T13:36:00.952333+00:00,GBPUSD.m,bullish,A,Key level in range,V,2026-09-16 00:00:00,False,1.34741,2026-09-02 00:00:00,1.34738,1.36751,,,True,,1.32554,1.32037,1.32554,1.32565,2026-09-25 12:00:00
2026-09-25T13:36:06.909208+00:00,USDJPY.m,bearish,A,Key level in range,A,2026-09-23 00:00:00,False,158.048,2026-09-18 00:00:00,152.881,160.386,,,True,,159.029,157.791,157.791,157.498,2026-09-25 12:00:00
2026-09-25T13:36:17.526603+00:00,EURCHF.m,bullish,A,Key level in range,V,2026-09-21 00:00:00,False,0.94174,2026-09-15 00:00:00,0.93701,0.94737,,,True,,0.94326,0.93683,0.94326,0.94395,2026-09-25 08:00:00
2026-09-25T13:36:23.157263+00:00,EURCAD.m,bullish,A,Key level in range,V,2026-09-22 00:00:00,True,1.60163,2026-09-14 00:00:00,1.60000,1.61177,,,True,,1.60918,1.60298,1.60918,1.61024,2026-09-25 08:00:00
2026-09-25T13:36:31.736767+00:00,GBPCAD.m,bullish,A,Key level in range,V,2026-09-02 00:00:00,False,1.86603,2026-09-17 00:00:00,1.86419,1.87879,,,True,,1.87028,1.86466,1.87028,1.87220,2026-09-25 08:00:00
2026-09-25T13:36:37.845685+00:00,GBPNZD.m,bullish,A,Key level in range,V,2026-09-10 00:00:00,True,2.32334,2026-09-18 00:00:00,2.27829,2.34886,,,True,,2.33817,2.32683,2.33817,2.33980,2026-09-25 12:00:00
2026-09-25T13:36:43.778907+00:00,AUDJPY.m,bearish,A,Key level in range,A,2026-09-07 00:00:00,True,112.611,2026-09-18 00:00:00,109.662,114.954,,,True,,111.640,110.796,110.796,110.645,2026-09-25 12:00:00
2026-09-25T13:36:50.377195+00:00,AUDCAD.m,bullish,A,Key level in range,V,2026-09-22 00:00:00,True,0.99006,2026-09-03 00:00:00,0.97793,0.99783,,,True,,0.99363,0.99012,0.99363,0.99442,2026-09-25 08:00:00
2026-09-25T13:36:59.319375+00:00,CADJPY.m,bearish,A,Key level in range,A,2026-09-11 00:00:00,True,112.924,2026-09-18 00:00:00,110.538,115.418,,,True,,112.584,111.847,111.847,111.755,2026-09-25 08:00:00
2026-09-25T13:37:08.749109+00:00,US30.std,bullish,A,Key level in range,V,2026-09-16 00:00:00,False,52773.0,2026-08-20 00:00:00,51504.0,54266.5,,,True,,51572.1,51148.5,51527.5,51541.5,2026-09-25 08:00:00
2026-09-25T13:37:14.440352+00:00,US100.std,bullish,A,Key level in range,V,2026-09-21 00:00:00,True,28892.7,2026-09-02 00:00:00,28887.4,29761.2,,,True,,30576.1,30120.5,30576.1,30631.6,2026-09-25 08:00:00
2026-09-25T13:37:19.857838+00:00,DE40.std,bullish,A,Key level in range,V,2026-09-09 00:00:00,False,25282.2,2026-09-18 00:00:00,25185.0,25830.0,,,True,,25482.1,25185.1,25482.1,25535.0,2026-09-25 08:00:00
2026-09-25T13:37:24.528681+00:00,ETHUSD.m,bullish,A,Key level in range,V,2026-09-18 00:00:00,True,2403.96,2026-09-10 00:00:00,2354.51,2535.42,,,True,,2704.85,2626.46,2704.85,2716.58,2026-09-25 12:00:00
2026-09-25T13:38:35.872269+00:00,EURNZD.m,bullish,A,Key level in range,V,2026-09-15 00:00:00,True,1.99392,2026-09-22 00:00:00,1.97000,2.01109,,,True,,2.01137,2.00033,2.01137,2.01227,2026-09-25 12:00:00
2026-09-25T13:38:41.373672+00:00,GBPCHF.m,bullish,A,Key level in range,V,2026-09-11 00:00:00,True,1.09122,2026-08-28 00:00:00,1.08376,1.09667,,,True,,1.09673,1.08992,1.09673,1.09810,2026-09-25 12:00:00
2026-09-25T13:38:46.555674+00:00,GBPAUD.m,bullish,A,Key level in range,V,2026-09-02 00:00:00,False,1.87331,2026-09-18 00:00:00,1.87205,1.89501,,,True,,1.88572,1.87655,1.88610,1.88691,2026-09-25 12:00:00
2026-09-25T13:38:54.109141+00:00,NZDJPY.m,bearish,A,Key level in range,A,2026-09-02 00:00:00,True,90.538,2026-09-22 00:00:00,88.938,95.191,,,True,,90.059,89.492,89.492,89.229,2026-09-25 12:00:00
2026-09-25T13:39:07.662417+00:00,NZDCAD.m,bullish,A,Key level in range,V,2026-09-22 00:00:00,True,0.81423,2026-08-18 00:00:00,0.81232,0.82112,,,True,,0.80192,0.79791,0.80172,0.80206,2026-09-25 08:00:00
2026-09-25T13:39:17.062981+00:00,UK100.std,bullish,A,Key level in range,V,2026-09-17 00:00:00,True,10619.3,2026-09-18 00:00:00,10584.4,10845.1,,,True,,10754.9,10668.9,10754.9,10758.4,2026-09-25 08:00:00
2026-09-25T17:42:29.015598+00:00,GBPJPY.m,bearish,A,Key level in range,A,2026-09-02 00:00:00,True,211.269,2026-09-18 00:00:00,207.859,217.463,,,True,,210.138,208.763,208.763,208.164,2026-09-25 16:00:00
2026-09-25T17:42:48.559906+00:00,DE40.std,bullish,A,Key level in range,V,2026-09-09 00:00:00,False,25282.2,2026-09-18 00:00:00,25185.0,25830.0,,,True,,25482.1,25185.1,25482.1,25540.0,2026-09-25 16:00:00
2026-09-28T06:56:25.539740+00:00,EURJPY.m,bearish,A,Key level in range,A,2026-09-18 00:00:00,False,179.536,2026-09-11 00:00:00,177.848,185.744,,,True,,180.774,179.499,179.499,179.086,2026-09-25 16:00:00
2026-09-28T06:56:34.546974+00:00,GBPNZD.m,bullish,A,Key level in range,V,2026-09-10 00:00:00,True,2.32334,2026-09-18 00:00:00,2.27829,2.34886,,,True,,2.33817,2.32683,2.33817,2.33855,2026-09-25 20:00:00
2026-09-28T06:56:40.348513+00:00,AUDCAD.m,bullish,A,Key level in range,V,2026-09-22 00:00:00,True,0.99006,2026-09-03 00:00:00,0.97793,0.99783,,,True,,0.99363,0.99012,0.99363,0.99468,2026-09-25 16:00:00
2026-09-28T06:56:45.037215+00:00,AUDNZD.m,bullish,A,Key level in range,V,2026-09-15 00:00:00,True,1.22768,2026-09-11 00:00:00,1.19474,1.23689,,,True,,1.24092,1.23558,1.24091,1.24092,2026-09-25 16:00:00
2026-09-28T06:56:53.222009+00:00,XAUUSD.m,bearish,A,Key level in range,A,2026-09-16 00:00:00,True,4399.55,2026-09-18 00:00:00,4235.23,4510.69,,,True,,4315.65,4254.49,4244.36,4230.87,2026-09-28 00:00:00
2026-09-28T06:58:03.924242+00:00,USDCAD.m,bullish,A,Key level in range,V,2026-09-16 00:00:00,True,1.37646,2026-09-03 00:00:00,1.37315,1.39392,,,True,,1.41540,1.41288,1.41540,1.41559,2026-09-28 00:00:00
2026-09-28T06:58:18.498688+00:00,NZDCHF.m,bullish,A,Key level in range,V,2026-09-21 00:00:00,False,0.47300,2026-09-02 00:00:00,0.47233,0.48002,,,True,,0.47020,0.46747,0.47020,0.47061,2026-09-28 04:00:00
2026-09-28T06:58:28.605039+00:00,BTCUSD.m,bearish,A,Key level in range,A,2026-09-18 00:00:00,False,79596.21,2026-09-14 00:00:00,76048.71,79863.71,,,True,,85154.71,84052.71,83814.21,83466.21,2026-09-28 04:00:00
2026-09-28T06:58:32.915329+00:00,ETHUSD.m,bearish,A,Key level in range,A,2026-09-18 00:00:00,False,2614.26,2026-09-14 00:00:00,2403.96,2664.88,,,True,,2722.09,2677.06,2663.42,2657.24,2026-09-28 04:00:00
2026-09-28T06:58:36.575998+00:00,XAGUSD.m,bearish,A,Key level in range,A,2026-09-16 00:00:00,True,67.534,2026-09-22 00:00:00,62.293,68.313,,,True,,65.077,63.349,63.349,62.938,2026-09-28 00:00:00
2026-09-28T09:10:56.243680+00:00,GBPUSD.m,bullish,A,Key level in range,V,2026-09-16 00:00:00,False,1.34741,2026-09-02 00:00:00,1.34738,1.36751,,,True,,1.32632,1.32086,1.32632,1.32678,2026-09-28 08:00:00
2026-09-28T09:11:02.052918+00:00,USDJPY.m,bearish,A,Key level in range,A,2026-09-23 00:00:00,False,158.048,2026-09-18 00:00:00,152.881,160.386,,,True,,158.946,156.932,156.932,156.898,2026-09-28 08:00:00
2026-09-28T09:11:14.899196+00:00,GBPCHF.m,bullish,A,Key level in range,V,2026-09-11 00:00:00,True,1.09122,2026-08-28 00:00:00,1.08376,1.09667,,,True,,1.09897,1.09189,1.09897,1.10138,2026-09-28 08:00:00
2026-09-28T09:11:19.754864+00:00,GBPCAD.m,bullish,A,Key level in range,V,2026-09-02 00:00:00,False,1.86603,2026-09-17 00:00:00,1.86419,1.87879,,,True,,1.87530,1.86639,1.87530,1.87810,2026-09-28 08:00:00
2026-09-28T09:11:25.113082+00:00,GBPNZD.m,bullish,A,Key level in range,V,2026-09-10 00:00:00,True,2.32334,2026-09-18 00:00:00,2.27829,2.34886,,,True,,2.34137,2.32782,2.33817,2.34398,2026-09-28 08:00:00
2026-09-28T09:11:37.277110+00:00,CADJPY.m,bearish,A,Key level in range,A,2026-09-11 00:00:00,True,112.924,2026-09-18 00:00:00,110.538,115.418,,,True,,112.378,110.979,110.979,110.829,2026-09-28 08:00:00
2026-09-28T09:11:43.095697+00:00,CADCHF.m,bullish,A,Key level in range,V,2026-09-22 00:00:00,False,0.58414,2026-09-07 00:00:00,0.57871,0.58779,,,True,,0.58660,0.58458,0.58660,0.58705,2026-09-28 08:00:00
2026-09-28T09:11:49.283779+00:00,CHFJPY.m,bearish,A,Key level in range,A,2026-09-11 00:00:00,True,198.765,2026-08-28 00:00:00,195.465,199.072,,,True,,191.833,189.350,189.350,188.751,2026-09-28 08:00:00
2026-09-28T09:11:54.878300+00:00,JP225.std,bearish,A+,Key level in range,A,2026-09-22 00:00:00,False,66780,2026-09-08 00:00:00,63692,67321,,,True,high,66802,65516,66057,65647,2026-09-28 08:00:00
2026-09-28T09:12:01.052836+00:00,US100.std,bearish,A,Key level in range,A,2026-09-21 00:00:00,False,29743.2,2026-09-08 00:00:00,28892.7,29761.2,,,True,,30746.1,30433.8,30434.5,30392.6,2026-09-28 08:00:00
2026-09-28T09:13:09.817149+00:00,USDCHF.m,bullish,A,Key level in range,V,2026-09-24 00:00:00,True,0.81827,2026-09-22 00:00:00,0.80668,0.82633,,,True,,0.82976,0.82704,0.82976,0.83107,2026-09-28 08:00:00
2026-09-28T09:13:16.005641+00:00,EURGBP.m,bearish,A,Key level in range,A,2026-09-24 00:00:00,False,0.85994,2026-09-10 00:00:00,0.85700,0.86074,,,True,,0.86116,0.85915,0.85915,0.85724,2026-09-28 08:00:00
2026-09-28T09:13:20.652909+00:00,EURJPY.m,bearish,A,Key level in range,A,2026-09-18 00:00:00,False,179.536,2026-09-11 00:00:00,177.848,185.744,,,True,,180.752,178.912,179.499,178.475,2026-09-28 08:00:00
2026-09-28T09:13:28.221491+00:00,GBPJPY.m,bearish,A,Key level in range,A,2026-09-02 00:00:00,True,211.269,2026-09-18 00:00:00,207.859,217.463,,,True,,209.951,207.997,208.763,208.175,2026-09-28 08:00:00
2026-09-28T09:13:34.744094+00:00,GBPAUD.m,bullish,A,Key level in range,V,2026-09-02 00:00:00,False,1.87331,2026-09-18 00:00:00,1.87205,1.89501,,,True,,1.88815,1.88134,1.88815,1.89118,2026-09-28 08:00:00
2026-09-28T09:13:39.630642+00:00,AUDJPY.m,bearish,A,Key level in range,A,2026-09-07 00:00:00,True,112.611,2026-09-18 00:00:00,109.662,114.954,,,True,,111.424,110.236,110.796,110.069,2026-09-28 08:00:00
2026-09-28T13:56:14.061097+00:00,EURAUD.m,bearish,A,Key level in range,A,2026-09-24 00:00:00,False,1.64043,2026-08-07 00:00:00,1.63457,1.65028,,,True,,1.62503,1.61979,1.61847,1.61838,2026-09-28 12:00:00
2026-09-28T13:56:21.816471+00:00,EURNZD.m,bearish,A,Key level in range,A,2026-09-15 00:00:00,False,1.96295,2026-08-26 00:00:00,1.95695,1.97560,,,True,,2.01492,2.00364,2.00529,2.00493,2026-09-28 12:00:00
2026-09-28T13:56:30.993184+00:00,AUDCHF.m,bullish,A,Key level in range,V,2026-09-24 00:00:00,False,0.58069,2026-09-11 00:00:00,0.56683,0.58562,,,True,,0.58319,0.57927,0.58319,0.58442,2026-09-28 12:00:00
2026-09-28T13:57:53.032932+00:00,EURCHF.m,bullish,A,Key level in range,V,2026-09-21 00:00:00,False,0.94174,2026-09-15 00:00:00,0.93701,0.94737,,,True,,0.94555,0.94032,0.94555,0.94579,2026-09-28 12:00:00
2026-09-28T13:58:05.194557+00:00,NZDCAD.m,bullish,A,Key level in range,V,2026-09-22 00:00:00,True,0.81423,2026-08-18 00:00:00,0.81232,0.82112,,,True,,0.80276,0.79843,0.80276,0.80311,2026-09-28 12:00:00
2026-09-28T17:14:40.617946+00:00,GBPAUD.m,bullish,A,Key level in range,V,2026-09-02 00:00:00,False,1.87331,2026-09-18 00:00:00,1.87205,1.89501,,,True,,1.88815,1.88134,1.88815,1.88816,2026-09-28 16:00:00
2026-09-28T17:14:51.817081+00:00,JP225.std,bearish,A+,Key level in range,A,2026-09-22 00:00:00,False,66780,2026-09-08 00:00:00,63692,67321,,,True,high,66802,65516,66057,65910,2026-09-28 16:00:00
2026-09-28T17:14:56.584872+00:00,US100.std,bearish,A,Key level in range,A,2026-09-21 00:00:00,False,29743.2,2026-09-08 00:00:00,28892.7,29761.2,,,True,,30746.1,30433.8,30434.5,30294.9,2026-09-28 16:00:00
2026-09-28T17:16:05.171370+00:00,GBPUSD.m,bullish,A,Key level in range,V,2026-09-16 00:00:00,False,1.34741,2026-09-02 00:00:00,1.34738,1.36751,,,True,,1.32632,1.32086,1.32632,1.32640,2026-09-28 16:00:00
2026-09-28T17:16:12.554944+00:00,USDCAD.m,bullish,A,Key level in range,V,2026-09-16 00:00:00,True,1.37646,2026-09-03 00:00:00,1.37315,1.39392,,,True,,1.41540,1.41288,1.41639,1.41688,2026-09-28 16:00:00
2026-09-28T21:05:55.671400+00:00,GBPCAD.m,bullish,A,Key level in range,V,2026-08-30 00:00:00,False,1.87103,2026-07-26 00:00:00,1.83001,1.90412,,,True,,1.87810,1.86466,1.87810,1.87862,2026-09-28 00:00:00
2026-09-28T21:06:00.433705+00:00,GBPAUD.m,bullish,A,Key level in range,V,2026-09-02 00:00:00,False,1.87331,2026-09-18 00:00:00,1.87205,1.89501,,,True,,1.88815,1.88134,1.88815,1.89118,2026-09-28 08:00:00
2026-09-29T00:24:15.221745+00:00,XAUUSD.m,bearish,A,Key level in range,A,2026-06-21 00:00:00,True,4696.67,2026-08-23 00:00:00,3943.42,4773.39,,,True,,4383.37,4244.36,4235.23,4114.24,2026-09-28 00:00:00
2026-09-29T00:24:24.185365+00:00,XAGUSD.m,bearish,A,Key level in range,A,2026-05-31 00:00:00,True,71.160,2026-08-23 00:00:00,54.755,89.359,,,True,,67.534,63.060,62.293,60.622,2026-09-28 00:00:00
2026-09-29T05:00:26.444120+00:00,USDCHF.m,bullish,A,Key level in range,V,2026-09-24 00:00:00,True,0.81827,2026-09-22 00:00:00,0.80668,0.82633,,,True,,0.83270,0.82738,0.83270,0.83337,2026-09-29 04:00:00
2026-09-29T05:00:33.657151+00:00,EURCHF.m,bullish,A,Key level in range,V,2026-09-21 00:00:00,False,0.94174,2026-09-15 00:00:00,0.93701,0.94737,,,True,,0.94651,0.94099,0.94651,0.94668,2026-09-29 04:00:00
2026-09-29T05:00:42.284402+00:00,AUDCHF.m,bullish,A,Key level in range,V,2026-09-24 00:00:00,False,0.58069,2026-09-11 00:00:00,0.56683,0.58562,,,True,,0.58465,0.57947,0.58465,0.58468,2026-09-29 04:00:00
2026-09-29T05:00:47.206250+00:00,AUDNZD.m,bullish,A,Key level in range,V,2026-09-15 00:00:00,True,1.23558,2026-09-24 00:00:00,1.22768,1.24899,,,True,,1.24096,1.23661,1.24000,1.24057,2026-09-29 04:00:00
2026-09-29T05:00:56.021482+00:00,US30.std,bearish,A,Key level in range,A,2026-09-16 00:00:00,True,52492.5,2026-09-22 00:00:00,51200.5,53780.0,,,True,,51855.1,51448.5,51448.5,51419.1,2026-09-29 04:00:00
2026-09-29T09:00:18.966487+00:00,EURUSD.m,bearish,A,Key level in range,A,2026-09-14 00:00:00,True,1.16408,2026-09-03 00:00:00,1.15659,1.17111,,,True,,1.13908,1.13527,1.13527,1.13467,2026-09-29 08:00:00
2026-09-29T09:00:25.731278+00:00,AUDUSD.m,bearish,A,Key level in range,A,2026-09-23 00:00:00,True,0.71399,2026-09-21 00:00:00,0.70745,0.72374,,,True,,0.70389,0.70061,0.70072,0.69907,2026-09-29 08:00:00
2026-09-29T09:00:30.286404+00:00,NZDUSD.m,bearish,A,Key level in range,A,2026-09-23 00:00:00,True,0.57483,2026-09-22 00:00:00,0.57028,0.59016,,,True,,0.56868,0.56461,0.56526,0.56504,2026-09-29 08:00:00
2026-09-29T09:00:38.139364+00:00,GBPCHF.m,bullish,A,Key level in range,V,2026-09-11 00:00:00,True,1.08992,2026-09-24 00:00:00,1.08954,1.10661,,,True,,1.10378,1.09370,1.10378,1.10394,2026-09-29 08:00:00
2026-09-29T09:00:43.384048+00:00,GBPAUD.m,bullish,A,Key level in range,V,2026-09-02 00:00:00,False,1.87331,2026-09-18 00:00:00,1.87205,1.89501,,,True,,1.89166,1.88088,1.89166,1.89323,2026-09-29 08:00:00
2026-09-29T09:00:49.564733+00:00,AUDCAD.m,bearish,A,Key level in range,A,2026-09-22 00:00:00,False,0.98784,2026-08-17 00:00:00,0.98190,0.99246,,,True,,0.99652,0.99074,0.99235,0.99212,2026-09-29 08:00:00
2026-09-29T13:00:57.454224+00:00,ETHUSD.m,bullish,A,Key level in range,V,2026-09-18 00:00:00,True,2626.46,2026-09-24 00:00:00,2356.01,2806.55,,,True,,2719.10,2634.18,2719.10,2735.61,2026-09-29 12:00:00
2026-09-29T17:00:02.526018+00:00,CADCHF.m,bullish,A,Key level in range,V,2026-09-22 00:00:00,False,0.58414,2026-09-07 00:00:00,0.57871,0.58779,,,True,,0.58784,0.58455,0.58784,0.58859,2026-09-29 16:00:00
2026-09-29T17:00:06.508009+00:00,CHFJPY.m,bearish,A,Key level in range,A,2026-09-11 00:00:00,True,192.476,2026-09-24 00:00:00,188.454,198.765,,,True,,190.279,188.451,188.451,188.403,2026-09-29 16:00:00
2026-09-29T17:00:11.236168+00:00,UK100.std,bearish,A,Key level in range,A,2026-09-17 00:00:00,False,10784.2,2026-09-23 00:00:00,10619.3,10845.1,,,True,,10769.9,10689.6,10689.6,10621.7,2026-09-29 16:00:00
2026-09-29T17:00:14.896997+00:00,US30.std,bearish,A,Key level in range,A,2026-09-16 00:00:00,True,52492.5,2026-09-22 00:00:00,51200.5,53780.0,,,True,,51855.1,51448.5,51448.5,51246.5,2026-09-29 16:00:00
2026-09-29T17:00:20.206066+00:00,DE40.std,bearish,A,Key level in range,A,2026-09-09 00:00:00,True,25812.5,2026-09-22 00:00:00,25282.2,25830.0,,,True,,25661.4,25382.1,25382.1,25371.2,2026-09-29 16:00:00
2026-09-29T17:01:25.618040+00:00,GBPUSD.m,bearish,A,Key level in range,A,2026-09-16 00:00:00,True,1.35675,2026-09-09 00:00:00,1.34741,1.36751,,,True,,1.32797,1.32176,1.32176,1.32051,2026-09-29 16:00:00
2026-09-29T17:01:33.214821+00:00,EURJPY.m,bearish,A,Key level in range,A,2026-09-18 00:00:00,False,179.536,2026-09-11 00:00:00,177.848,185.744,,,True,,179.718,178.189,178.189,178.154,2026-09-29 16:00:00
2026-09-29T17:01:38.502208+00:00,EURCAD.m,bearish,A,Key level in range,A,2026-09-25 00:00:00,False,1.61010,2026-09-16 00:00:00,1.60163,1.61177,,,True,,1.61248,1.60771,1.60812,1.60637,2026-09-29 16:00:00
2026-09-29T17:01:45.433793+00:00,GBPNZD.m,bullish,A,Key level in range,V,2026-09-10 00:00:00,True,2.32334,2026-09-18 00:00:00,2.27829,2.34886,,,True,,2.34423,2.33223,2.34423,2.34625,2026-09-29 16:00:00
2026-09-29T17:01:50.144758+00:00,AUDJPY.m,bearish,A,Key level in range,A,2026-09-07 00:00:00,True,112.611,2026-09-18 00:00:00,109.662,114.954,,,True,,110.883,109.895,109.895,109.724,2026-09-29 16:00:00
2026-09-29T17:01:56.470183+00:00,NZDJPY.m,bearish,A,Key level in range,A,2026-09-02 00:00:00,True,90.538,2026-09-22 00:00:00,88.938,95.191,,,True,,89.507,88.678,88.678,88.615,2026-09-29 16:00:00
2026-09-29T17:02:01.833123+00:00,NZDCAD.m,bearish,A,Key level in range,A,2026-09-22 00:00:00,False,0.80392,2026-09-17 00:00:00,0.80021,0.82749,,,True,,0.80515,0.79821,0.80065,0.79898,2026-09-29 16:00:00
2026-09-29T21:05:10.487851+00:00,NZDJPY.m,bearish,A,Key level in range,A,2026-09-06 00:00:00,True,95.191,2026-08-23 00:00:00,91.643,95.412,,,True,,90.538,88.920,88.938,88.728,2026-09-29 00:00:00
2026-09-29T21:06:29.018352+00:00,EURAUD.m,bullish,A,Key level in range,V,2026-08-23 00:00:00,False,1.62909,2026-06-21 00:00:00,1.61751,1.63805,,,True,,1.62503,1.60720,1.62270,1.62340,2026-09-29 00:00:00
2026-09-30T00:18:01.047594+00:00,UK100.std,bearish,A,Key level in range,A,2026-09-06 00:00:00,True,10935.7,2026-08-23 00:00:00,10686.8,10999.0,,,True,,10784.2,10625.7,10668.9,10666.9,2026-09-29 00:00:00
2026-09-30T05:07:12.630600+00:00,NZDJPY.m,bearish,A,Key level in range,A,2026-09-29 00:00:00,True,90.538,2026-09-22 00:00:00,88.938,95.191,,,True,,89.319,88.579,88.678,88.618,2026-09-30 00:00:00
2026-09-30T05:07:19.931623+00:00,JP225.std,bullish,A,Key level in range,V,2026-09-22 00:00:00,True,65298,2026-09-24 00:00:00,62731,67347,,,True,,66312,64719,66199,66228,2026-09-30 00:00:00
2026-09-30T05:08:34.997864+00:00,EURJPY.m,bearish,A,Key level in range,A,2026-09-18 00:00:00,False,179.536,2026-09-11 00:00:00,177.848,185.744,,,True,,179.122,178.106,178.189,178.153,2026-09-30 00:00:00
2026-09-30T05:08:44.567680+00:00,GBPAUD.m,bullish,A,Key level in range,V,2026-09-02 00:00:00,False,1.87331,2026-09-18 00:00:00,1.87205,1.89501,,,True,,1.89580,1.88381,1.89580,1.89732,2026-09-30 04:00:00
2026-09-30T05:08:50.377257+00:00,AUDJPY.m,bearish,A,Key level in range,A,2026-09-07 00:00:00,True,112.611,2026-09-18 00:00:00,109.662,114.954,,,True,,110.692,109.665,109.665,109.538,2026-09-30 04:00:00
2026-09-30T05:08:58.183397+00:00,CADJPY.m,bearish,A,Key level in range,A,2026-09-11 00:00:00,True,112.584,2026-09-24 00:00:00,110.538,112.924,,,True,,111.137,110.728,110.728,110.702,2026-09-30 00:00:00
2026-09-30T05:09:03.072798+00:00,CHFJPY.m,bearish,A,Key level in range,A,2026-09-11 00:00:00,True,192.476,2026-09-24 00:00:00,188.454,198.765,,,True,,189.292,188.357,188.451,188.333,2026-09-30 00:00:00
2026-09-30T09:00:05.934757+00:00,USDJPY.m,bearish,A,Key level in range,A,2026-09-23 00:00:00,False,158.048,2026-09-18 00:00:00,152.881,160.386,,,True,,157.709,156.976,156.976,156.960,2026-09-30 08:00:00
2026-09-30T09:00:11.772110+00:00,EURGBP.m,bearish,A,Key level in range,A,2026-09-24 00:00:00,False,0.85994,2026-09-10 00:00:00,0.85700,0.86074,,,True,,0.85851,0.85654,0.85633,0.85552,2026-09-30 08:00:00
2026-09-30T09:00:16.788130+00:00,EURAUD.m,bullish,A,Key level in range,V,2026-09-29 00:00:00,True,1.62703,2026-08-21 00:00:00,1.62604,1.64445,,,True,,1.62723,1.61651,1.62723,1.62835,2026-09-30 08:00:00
2026-09-30T09:00:22.256953+00:00,GBPCHF.m,bullish,A,Key level in range,V,2026-09-11 00:00:00,True,1.08992,2026-09-24 00:00:00,1.08954,1.10661,,,True,,1.10453,1.10032,1.10453,1.10516,2026-09-30 08:00:00
2026-09-30T09:00:27.186722+00:00,GBPCAD.m,bullish,A,Key level in range,V,2026-09-28 00:00:00,True,1.86603,2026-09-17 00:00:00,1.86419,1.87879,,,True,,1.87921,1.87411,1.87921,1.88207,2026-09-30 08:00:00
2026-09-30T09:00:33.078858+00:00,GBPNZD.m,bullish,A,Key level in range,V,2026-09-10 00:00:00,True,2.32334,2026-09-18 00:00:00,2.27829,2.34886,,,True,,2.34721,2.33286,2.34721,2.34761,2026-09-30 08:00:00
2026-09-30T09:00:38.557081+00:00,AUDCHF.m,bearish,A,Key level in range,A,2026-09-24 00:00:00,True,0.57186,2026-08-06 00:00:00,0.56440,0.57285,,,True,,0.58552,0.58161,0.58161,0.58064,2026-09-30 08:00:00
2026-09-30T09:00:43.420707+00:00,AUDCAD.m,bearish,A,Key level in range,A,2026-09-22 00:00:00,False,0.98784,2026-08-17 00:00:00,0.98190,0.99246,,,True,,0.99682,0.98904,0.98904,0.98882,2026-09-30 08:00:00
2026-09-30T09:00:48.733078+00:00,AUDNZD.m,bearish,A,Key level in range,A,2026-09-15 00:00:00,False,1.20901,2026-08-18 00:00:00,1.19435,1.21016,,,True,,1.24369,1.23397,1.23397,1.23341,2026-09-30 08:00:00
2026-09-30T13:05:36.889306+00:00,GBPUSD.m,bullish,A,Key level in range,V,2026-09-16 00:00:00,False,1.34741,2026-09-02 00:00:00,1.34738,1.36751,,,True,,1.32569,1.32017,1.32797,1.32881,2026-09-30 12:00:00
2026-09-30T13:05:45.775842+00:00,EURCHF.m,bullish,A,Key level in range,V,2026-09-21 00:00:00,False,0.94174,2026-09-15 00:00:00,0.93701,0.94737,,,True,,0.94707,0.94326,0.94707,0.94729,2026-09-30 12:00:00
2026-09-30T13:06:03.592647+00:00,BTCUSD.m,bullish,A,Key level in range,V,2026-09-18 00:00:00,True,82833.71,2026-09-24 00:00:00,74886.21,87390.21,,,True,,84537.71,82725.21,84537.71,85269.71,2026-09-30 12:00:00
2026-09-30T18:35:04.652160+00:00,USDCAD.m,bullish,A,Key level in range,V,2026-09-16 00:00:00,True,1.37646,2026-09-03 00:00:00,1.37315,1.39392,,,True,,1.42010,1.41653,1.41995,1.42151,2026-09-30 16:00:00
2026-09-30T18:35:14.941491+00:00,AUDUSD.m,bearish,A,Key level in range,A,2026-09-23 00:00:00,True,0.71399,2026-09-21 00:00:00,0.70745,0.72374,,,True,,0.70286,0.69655,0.69582,0.69506,2026-09-30 16:00:00
2026-09-30T18:37:07.917815+00:00,US100.std,bullish,A,Key level in range,V,2026-09-21 00:00:00,True,28892.7,2026-09-02 00:00:00,28887.4,29761.2,,,True,,30487.5,30136.0,30502.9,30627.4,2026-09-30 16:00:00
2026-09-30T18:37:12.724858+00:00,DE40.std,bearish,A,Key level in range,A,2026-09-09 00:00:00,True,25812.5,2026-09-22 00:00:00,25282.2,25830.0,,,True,,25645.2,25353.2,25353.2,25205.2,2026-09-30 16:00:00
2026-09-30T18:37:17.736828+00:00,XAGUSD.m,bearish,A,Key level in range,A,2026-09-28 00:00:00,True,67.534,2026-09-22 00:00:00,62.293,68.313,,,True,,61.513,60.282,60.282,60.263,2026-09-30 16:00:00
2026-09-30T22:16:43.735746+00:00,EURGBP.m,bearish,A,Key level in range,A,2026-08-30 00:00:00,False,0.85856,2026-07-26 00:00:00,0.84542,0.86862,,,True,,0.86116,0.85678,0.85678,0.85390,2026-09-30 00:00:00
2026-10-01T00:13:34.358808+00:00,GBPCHF.m,bullish,A,Key level in range,V,2026-09-06 00:00:00,True,1.08376,2026-08-16 00:00:00,1.04566,1.10106,,,True,,1.10206,1.08992,1.10661,1.10849,2026-09-30 00:00:00
2026-10-01T00:13:41.239498+00:00,GBPCAD.m,bullish,A,Key level in range,V,2026-08-30 00:00:00,False,1.87103,2026-07-26 00:00:00,1.83001,1.90412,,,True,,1.87810,1.86466,1.87810,1.88746,2026-09-30 00:00:00
2026-10-01T00:13:47.353625+00:00,GBPAUD.m,bullish,A,Key level in range,V,2026-08-23 00:00:00,False,1.89917,2026-07-26 00:00:00,1.85375,1.93602,,,True,,1.88815,1.87247,1.89501,1.90943,2026-09-30 00:00:00
2026-10-01T00:42:24.831207+00:00,AUDCAD.m,bearish,A,Key level in range,A,2026-08-23 00:00:00,False,0.99246,2026-08-02 00:00:00,0.97516,0.99443,,,True,,1.00118,0.99012,0.99012,0.98837,2026-09-30 00:00:00
2026-10-01T00:42:30.883296+00:00,AUDNZD.m,bearish,A,Key level in range,A,2026-08-30 00:00:00,False,1.21204,2026-07-26 00:00:00,1.19777,1.22572,,,True,,1.24899,1.23558,1.23558,1.23280,2026-09-30 00:00:00
2026-10-01T00:42:40.434913+00:00,CHFJPY.m,bearish,A,Key level in range,A,2026-09-06 00:00:00,True,199.072,2026-08-16 00:00:00,192.636,201.582,,,True,,192.476,189.350,188.454,188.306,2026-09-30 00:00:00
2026-10-01T00:42:47.163487+00:00,UK100.std,bearish,A,Key level in range,A,2026-09-29 00:00:00,True,10784.2,2026-09-23 00:00:00,10619.3,10845.1,,,True,,10766.2,10613.4,10613.4,10585.9,2026-09-30 20:00:00
2026-10-01T00:42:51.520797+00:00,US30.std,bearish,A,Key level in range,A,2026-08-02 00:00:00,False,42845.8,2025-03-23 00:00:00,40680.7,45094.8,,,True,,52492.5,51148.5,51148.5,51020.5,2026-09-30 00:00:00
2026-10-01T00:42:57.110677+00:00,DE40.std,bearish,A,Key level in range,A,2026-08-02 00:00:00,False,24806.3,2026-04-12 00:00:00,21857.1,25414.6,,,True,,25812.5,25185.1,25185.1,25125.8,2026-09-30 00:00:00
2026-10-01T00:44:13.653771+00:00,GBPNZD.m,bullish,A,Key level in range,V,2026-09-06 00:00:00,True,2.27829,2026-08-23 00:00:00,2.27789,2.31491,,,True,,2.34767,2.32439,2.34767,2.35448,2026-09-30 00:00:00
2026-10-01T00:44:18.832215+00:00,AUDJPY.m,bearish,A,Key level in range,A,2026-07-26 00:00:00,True,114.653,2026-07-26 00:00:00,111.144,114.906,,,True,,112.303,110.236,109.662,109.319,2026-09-30 00:00:00
2026-10-01T04:00:27.528468+00:00,EURCAD.m,bullish,A,Key level in range,V,2026-09-25 00:00:00,True,1.60298,2026-09-24 00:00:00,1.60157,1.61059,,,True,,1.61279,1.60757,1.61223,1.61317,2026-10-01 00:00:00
2026-10-01T04:00:55.025081+00:00,AUDCHF.m,bearish,A,Key level in range,A,2026-09-24 00:00:00,True,0.57186,2026-08-06 00:00:00,0.56440,0.57285,,,True,,0.58360,0.57995,0.57995,0.57985,2026-10-01 00:00:00
2026-10-01T04:01:04.091336+00:00,CADJPY.m,bullish,A,Key level in range,V,2026-09-11 00:00:00,False,114.616,2026-08-26 00:00:00,114.076,115.580,,,True,,110.946,110.160,110.812,110.929,2026-10-01 00:00:00
2026-10-01T04:01:09.622089+00:00,CADCHF.m,bearish,A,Key level in range,A,2026-09-22 00:00:00,True,0.57165,2026-06-22 00:00:00,0.56490,0.57397,,,True,,0.58866,0.58687,0.58687,0.58670,2026-10-01 00:00:00
2026-10-01T04:01:17.112377+00:00,CHFJPY.m,bullish,A,Key level in range,V,2026-09-30 00:00:00,False,188.454,2026-09-17 00:00:00,187.665,198.765,,,True,,188.716,187.595,188.592,189.065,2026-10-01 00:00:00
2026-10-01T04:01:39.623357+00:00,XAGUSD.m,bearish,A,Key level in range,A,2026-09-28 00:00:00,True,67.534,2026-09-22 00:00:00,62.293,68.313,,,True,,61.712,60.026,60.282,60.158,2026-10-01 00:00:00
2026-10-01T04:02:47.505613+00:00,USDJPY.m,bullish,A,Key level in range,V,2026-09-23 00:00:00,True,158.013,2026-08-20 00:00:00,156.775,159.772,,,True,,157.532,156.368,157.709,157.910,2026-10-01 00:00:00
2026-10-01T04:03:08.162119+00:00,NZDJPY.m,bullish,A,Key level in range,V,2026-09-29 00:00:00,False,93.308,2026-08-19 00:00:00,92.808,94.291,,,True,,88.800,88.223,88.800,88.968,2026-10-01 00:00:00
2026-10-01T05:00:46.659534+00:00,USDCHF.m,bullish,A,Key level in range,V,2026-09-24 00:00:00,True,0.81827,2026-09-22 00:00:00,0.80668,0.82633,,,True,,0.83612,0.83204,0.83580,0.83658,2026-10-01 04:00:00
2026-10-01T05:00:53.113839+00:00,NZDUSD.m,bearish,A,Key level in range,A,2026-09-23 00:00:00,True,0.57483,2026-09-22 00:00:00,0.57028,0.59016,,,True,,0.56639,0.56285,0.56255,0.56201,2026-10-01 04:00:00
2026-10-01T05:00:58.900043+00:00,EURJPY.m,bullish,A,Key level in range,V,2026-09-18 00:00:00,True,183.919,2026-08-19 00:00:00,181.434,187.452,,,True,,178.569,177.328,179.122,179.142,2026-10-01 04:00:00
2026-10-01T05:01:17.325236+00:00,US100.std,bullish,A,Key level in range,V,2026-09-21 00:00:00,True,30117.5,2026-09-28 00:00:00,28765.4,30841.1,,,True,,30671.3,30278.9,30671.3,30755.0,2026-10-01 04:00:00
2026-10-01T09:00:27.742963+00:00,EURUSD.m,bearish,A,Key level in range,A,2026-09-14 00:00:00,True,1.16408,2026-09-03 00:00:00,1.15659,1.17111,,,True,,1.13800,1.13219,1.13114,1.12907,2026-10-01 08:00:00
2026-10-01T09:00:37.710730+00:00,EURCHF.m,bearish,A,Key level in range,A,2026-09-21 00:00:00,True,0.93935,2026-08-27 00:00:00,0.93036,0.94102,,,True,,0.94855,0.94446,0.94446,0.94307,2026-10-01 08:00:00
2026-10-01T09:00:51.345163+00:00,AUDCHF.m,bearish,A,Key level in range,A,2026-09-24 00:00:00,True,0.57186,2026-08-06 00:00:00,0.56440,0.57285,,,True,,0.58360,0.57995,0.57995,0.57938,2026-10-01 08:00:00
2026-10-01T09:00:58.013240+00:00,NZDCHF.m,bearish,A,Key level in range,A,2026-09-21 00:00:00,True,0.47377,2026-09-17 00:00:00,0.46984,0.47535,,,True,,0.47180,0.46928,0.46928,0.46841,2026-10-01 08:00:00
2026-10-01T09:01:03.644746+00:00,NZDCAD.m,bearish,A,Key level in range,A,2026-09-22 00:00:00,False,0.80515,2026-09-28 00:00:00,0.79791,0.80658,,,True,,0.80254,0.79817,0.79991,0.79877,2026-10-01 08:00:00
2026-10-01T09:01:09.947613+00:00,CADCHF.m,bearish,A,Key level in range,A,2026-09-22 00:00:00,True,0.57165,2026-06-22 00:00:00,0.56490,0.57397,,,True,,0.58866,0.58687,0.58687,0.58632,2026-10-01 08:00:00
2026-10-01T09:01:18.468267+00:00,US30.std,bearish,A,Key level in range,A,2026-09-30 00:00:00,True,52492.5,2026-09-22 00:00:00,51200.5,53780.0,,,True,,51718.5,50936.5,50936.5,50781.5,2026-10-01 08:00:00
2026-10-01T13:11:35.997188+00:00,EURCAD.m,bearish,A,Key level in range,A,2026-09-25 00:00:00,False,1.61010,2026-09-16 00:00:00,1.60163,1.61177,,,True,,1.61279,1.60757,1.60766,1.60738,2026-10-01 12:00:00
2026-10-01T19:02:25.419013+00:00,NZDJPY.m,bearish,A+,Key level in range,A,2026-09-29 00:00:00,True,90.538,2026-09-22 00:00:00,88.938,95.191,,,True,high,88.800,88.223,88.440,88.320,2026-10-01 16:00:00
2026-10-01T19:03:43.581619+00:00,GBPUSD.m,bearish,A,Key level in range,A,2026-09-16 00:00:00,True,1.35675,2026-09-09 00:00:00,1.34741,1.36751,,,True,,1.33105,1.32224,1.32017,1.31841,2026-10-01 16:00:00
2026-10-01T19:03:51.349568+00:00,USDCHF.m,bearish,A,Key level in range,A,2026-09-24 00:00:00,False,0.81354,2026-08-06 00:00:00,0.80349,0.82064,,,True,,0.83612,0.83204,0.83204,0.83202,2026-10-01 16:00:00
2026-10-01T19:03:59.547571+00:00,EURGBP.m,bearish,A,Key level in range,A,2026-09-30 00:00:00,True,0.85994,2026-09-10 00:00:00,0.85700,0.86074,,,True,,0.85727,0.85380,0.85302,0.85082,2026-10-01 16:00:00
2026-10-01T19:04:04.791536+00:00,EURJPY.m,bearish,A+,Key level in range,A,2026-09-18 00:00:00,False,179.536,2026-09-11 00:00:00,177.848,185.744,,,True,high,178.569,177.328,177.328,177.053,2026-10-01 16:00:00
2026-10-01T19:04:12.094306+00:00,GBPCHF.m,bearish,A,Key level in range,A,2026-09-30 00:00:00,False,1.09979,2026-09-08 00:00:00,1.08954,1.10074,,,True,,1.10966,1.10108,1.10108,1.09700,2026-10-01 16:00:00
2026-10-01T19:04:19.145825+00:00,AUDCHF.m,bearish,A,Key level in range,A,2026-09-24 00:00:00,True,0.57186,2026-08-06 00:00:00,0.56440,0.57285,,,True,,0.58360,0.57995,0.57995,0.57494,2026-10-01 16:00:00
2026-10-01T19:04:24.117943+00:00,AUDCAD.m,bearish,A,Key level in range,A,2026-09-30 00:00:00,True,0.98784,2026-08-17 00:00:00,0.98190,0.99246,,,True,,0.99249,0.98611,0.98611,0.98448,2026-10-01 16:00:00
2026-10-01T19:04:33.428322+00:00,US30.std,bearish,A,Key level in range,A,2026-09-30 00:00:00,True,52492.5,2026-09-22 00:00:00,51200.5,53780.0,,,True,,51718.5,50936.5,50936.5,50828.5,2026-10-01 16:00:00
2026-10-01T21:00:52.480061+00:00,GBPUSD.m,bearish,A,Key level in range,A,2026-09-20 00:00:00,True,1.35576,2026-07-12 00:00:00,1.31396,1.36574,,,True,,1.33998,1.32037,1.32037,1.31968,2026-10-01 00:00:00
2026-10-01T21:01:05.514226+00:00,EURJPY.m,bearish,A,Key level in range,A,2026-09-20 00:00:00,True,186.014,2026-08-16 00:00:00,179.357,187.452,,,True,,180.821,178.912,177.813,177.687,2026-10-01 00:00:00
2026-10-01T21:01:12.462073+00:00,EURCHF.m,bearish,A,Key level in range,A,2026-09-06 00:00:00,False,0.92652,2026-06-21 00:00:00,0.90841,0.92657,,,True,,0.94555,0.93683,0.93683,0.93425,2026-10-01 00:00:00
2026-10-01T21:01:19.865330+00:00,EURCAD.m,bearish,A,Key level in range,A,2026-07-12 00:00:00,True,1.61857,2026-08-23 00:00:00,1.60020,1.62470,,,True,,1.61351,1.60298,1.60298,1.59861,2026-10-01 00:00:00
2026-10-01T21:01:34.208157+00:00,AUDCHF.m,bearish,A,Key level in range,A,2026-07-19 00:00:00,False,0.56726,2026-06-21 00:00:00,0.54547,0.56864,,,True,,0.58710,0.57905,0.57905,0.57585,2026-10-01 00:00:00
2026-10-01T21:01:44.555127+00:00,NZDCHF.m,bearish,A,Key level in range,A,2026-09-13 00:00:00,True,0.46352,2026-04-05 00:00:00,0.45603,0.46491,,,True,,0.47196,0.46685,0.46685,0.46572,2026-10-01 00:00:00
2026-10-01T21:01:51.335758+00:00,NZDCAD.m,bearish,A,Key level in range,A,2026-05-24 00:00:00,False,0.82749,2026-08-23 00:00:00,0.79878,0.82920,,,True,,0.80658,0.79791,0.79791,0.79698,2026-10-01 00:00:00
2026-10-01T22:08:05.615925+00:00,JP225.std,bullish,A,Key level in range,V,2026-05-03 00:00:00,True,50388,2026-03-29 00:00:00,48661,60076,,,True,,67347,64832,67347,68306,2026-10-01 00:00:00
2026-10-02T05:35:52.270760+00:00,BTCUSD.m,bullish,A,Key level in range,V,2026-09-18 00:00:00,True,82833.71,2026-09-24 00:00:00,74886.21,87390.21,,,True,,85246.71,83112.21,85636.21,86641.71,2026-10-02 04:00:00
2026-10-02T05:35:59.814681+00:00,ETHUSD.m,bullish,A,Key level in range,V,2026-09-18 00:00:00,True,2634.18,2026-09-28 00:00:00,2626.46,2806.55,,,True,,2719.88,2671.10,2719.88,2741.33,2026-10-02 04:00:00
2026-10-02T09:01:03.910514+00:00,USDCHF.m,bearish,A,Key level in range,A,2026-09-24 00:00:00,False,0.81354,2026-08-06 00:00:00,0.80349,0.82064,,,True,,0.83819,0.82914,0.82914,0.82818,2026-10-02 08:00:00
2026-10-02T09:01:10.502700+00:00,EURCHF.m,bearish,A,Key level in range,A,2026-10-01 00:00:00,True,0.93935,2026-08-27 00:00:00,0.93036,0.94102,,,True,,0.94779,0.93233,0.93233,0.93181,2026-10-02 08:00:00
2026-10-02T09:01:15.756374+00:00,EURAUD.m,bearish,A,Key level in range,A,2026-09-29 00:00:00,False,1.64043,2026-08-07 00:00:00,1.63457,1.65028,,,True,,1.63265,1.62117,1.62112,1.62070,2026-10-02 08:00:00
2026-10-02T09:01:27.814472+00:00,CADCHF.m,bearish,A,Key level in range,A,2026-09-22 00:00:00,True,0.58866,2026-09-29 00:00:00,0.58257,0.59075,,,True,,0.58837,0.58224,0.58224,0.58187,2026-10-02 08:00:00
2026-10-02T09:01:33.223318+00:00,JP225.std,bullish,A,Key level in range,V,2026-10-01 00:00:00,True,65298,2026-09-24 00:00:00,62731,67347,,,True,,69083,66642,69083,69094,2026-10-02 08:00:00
2026-10-02T14:02:14.620209+00:00,AUDUSD.m,bullish,A,Key level in range,V,2026-09-23 00:00:00,False,0.71210,2026-09-02 00:00:00,0.70664,0.72077,,,True,,0.69559,0.69035,0.69559,0.69641,2026-10-02 12:00:00
2026-10-02T14:02:30.061123+00:00,GBPAUD.m,bearish,A,Key level in range,A,2026-09-30 00:00:00,False,1.89501,2026-09-14 00:00:00,1.87205,1.89704,,,True,,1.91149,1.90229,1.90229,1.89868,2026-10-02 12:00:00
2026-10-02T14:02:45.199878+00:00,XAUUSD.m,bullish,A,Key level in range,V,2026-09-28 00:00:00,False,4324.48,2026-08-19 00:00:00,4310.88,4449.71,,,True,,4192.84,4139.24,4192.84,4217.67,2026-10-02 12:00:00
2026-10-02T14:02:50.902534+00:00,US30.std,bullish,A,Key level in range,V,2026-09-30 00:00:00,False,52773.0,2026-08-20 00:00:00,51504.0,54266.5,,,True,,51241.0,50583.5,51241.0,51499.5,2026-10-02 12:00:00
2026-10-02T14:04:00.296300+00:00,USDJPY.m,bearish,A,Key level in range,A,2026-09-23 00:00:00,False,158.048,2026-09-18 00:00:00,152.881,160.386,,,True,,158.448,157.221,157.221,157.162,2026-10-02 12:00:00
2026-10-02T14:04:19.141411+00:00,AUDCAD.m,bullish,A,Key level in range,V,2026-09-30 00:00:00,False,0.99012,2026-09-24 00:00:00,0.98910,1.00118,,,True,,0.99059,0.98416,0.99059,0.99067,2026-10-02 12:00:00
2026-10-02T14:04:33.624871+00:00,US100.std,bullish,A,Key level in range,V,2026-09-21 00:00:00,True,30117.5,2026-09-28 00:00:00,28765.4,30841.1,,,True,,30918.3,30299.4,30918.3,30938.2,2026-10-02 12:00:00
2026-10-02T14:04:39.689366+00:00,DE40.std,bullish,A,Key level in range,V,2026-09-30 00:00:00,False,25282.2,2026-09-18 00:00:00,25185.0,25830.0,,,True,,25246.1,24838.2,25246.1,25265.2,2026-10-02 12:00:00
2026-10-02T14:04:45.953585+00:00,XAGUSD.m,bullish,A,Key level in range,V,2026-09-28 00:00:00,False,67.421,2026-08-25 00:00:00,62.167,70.010,,,True,,61.419,59.945,61.419,61.685,2026-10-02 12:00:00
